POINT,TIME,V_GATE,I_CH0,I_CH1,I_CH2,I_CH3,I_CH4,I_CH5,I_CH6,I_CH7,I_CH8,I_CH9,I_CH10,I_CH11,I_CH12,I_CH13,I_CH14,I_CH15
0,0.0,-0.5,-5.8341e-08,-6.2505e-08,-5.8341e-08,-5.0004e-08,-4.584e-08,-4.584e-08,-5.4169e-08,-5.4169e-08,-5.0004e-08,-4.1668e-08,-5.8341e-08,-4.1668e-08,-4.584e-08,-5.0004e-08,-4.584e-08,3.879165e-06
1,0.323,-0.49,-3.7503e-08,-4.584e-08,-4.1668e-08,-3.7503e-08,-3.7503e-08,-3.3339e-08,-3.7503e-08,-3.3339e-08,-3.3339e-08,-3.7503e-08,-3.7503e-08,-3.7503e-08,-4.1668e-08,-3.3339e-08,-4.1668e-08,3.829161e-06
2,0.645,-0.48,-3.7503e-08,-3.3339e-08,-2.9174e-08,-3.7503e-08,-3.3339e-08,-2.9174e-08,-2.9174e-08,-3.3339e-08,-3.7503e-08,-2.9174e-08,-3.3339e-08,-2.5002e-08,-3.7503e-08,-3.3339e-08,-3.3339e-08,3.787494e-06
3,0.968,-0.47,-2.9174e-08,-2.5002e-08,-2.9174e-08,-3.3339e-08,-3.3339e-08,-3.7503e-08,-2.5002e-08,-2.9174e-08,-2.5002e-08,-2.9174e-08,-2.9174e-08,-2.5002e-08,-2.9174e-08,-2.9174e-08,-3.7503e-08,3.745826e-06
4,1.291,-0.46,-2.5002e-08,-2.5002e-08,-2.9174e-08,-2.9174e-08,-3.3339e-08,-2.9174e-08,-3.7503e-08,-2.0838e-08,-3.3339e-08,-2.5002e-08,-2.9174e-08,-2.5002e-08,-2.5002e-08,-3.3339e-08,-2.9174e-08,3.724996e-06
5,1.614,-0.45,-2.5002e-08,-2.5002e-08,-2.9174e-08,-2.9174e-08,-3.3339e-08,-3.3339e-08,-2.5002e-08,-2.9174e-08,-2.9174e-08,-2.0838e-08,-2.5002e-08,-2.9174e-08,-2.5002e-08,-2.0838e-08,-2.5002e-08,3.691665e-06
6,1.937,-0.44,-2.0838e-08,-2.0838e-08,-2.5002e-08,-3.7503e-08,-2.5002e-08,-2.0838e-08,-2.0838e-08,-2.0838e-08,-2.9174e-08,-2.5002e-08,-2.0838e-08,-2.9174e-08,-2.0838e-08,-2.0838e-08,-2.5002e-08,3.649998e-06
7,2.259,-0.43,-2.5002e-08,-8.337e-09,-2.5002e-08,-2.5002e-08,-2.0838e-08,-3.3339e-08,-2.9174e-08,-2.9174e-08,-2.5002e-08,-2.0838e-08,-2.5002e-08,-2.9174e-08,-3.3339e-08,-2.0838e-08,-2.9174e-08,3.637497e-06
8,2.582,-0.42,-2.5002e-08,-2.5002e-08,-2.5002e-08,-2.0838e-08,-2.0838e-08,-2.0838e-08,-2.5002e-08,-2.5002e-08,-2.0838e-08,-2.5002e-08,-2.0838e-08,-2.5002e-08,-2.9174e-08,-2.9174e-08,-2.5002e-08,3.604166e-06
9,2.905,-0.41,-1.6673e-08,-2.5002e-08,-2.5002e-08,-2.5002e-08,-2.5002e-08,-2.0838e-08,-2.0838e-08,-2.0838e-08,-2.5002e-08,-2.9174e-08,-2.9174e-08,-2.0838e-08,-2.0838e-08,-2.9174e-08,-2.5002e-08,3.583328e-06
10,3.228,-0.4,-2.9174e-08,-2.0838e-08,-2.0838e-08,-1.6673e-08,-2.9174e-08,-2.0838e-08,-2.5002e-08,-2.0838e-08,-2.0838e-08,-2.9174e-08,-2.9174e-08,-3.3339e-08,-2.0838e-08,-2.5002e-08,-2.0838e-08,3.54166e-06
11,3.551,-0.39,-2.5002e-08,-3.3339e-08,-2.9174e-08,-4.1668e-08,-2.9174e-08,-1.6673e-08,-2.0838e-08,-2.9174e-08,-2.0838e-08,-2.0838e-08,-2.0838e-08,-1.6673e-08,-2.0838e-08,-2.0838e-08,-2.0838e-08,3.52083e-06
12,3.873,-0.38,-2.5002e-08,-1.6673e-08,-2.9174e-08,-2.5002e-08,-1.6673e-08,-2.0838e-08,-2.5002e-08,-2.5002e-08,-2.0838e-08,-2.0838e-08,-2.0838e-08,-2.0838e-08,-2.5002e-08,-2.0838e-08,-2.0838e-08,3.491664e-06
13,4.196,-0.37,-2.5002e-08,-2.5002e-08,-1.6673e-08,-1.6673e-08,-1.6673e-08,-2.5002e-08,-1.6673e-08,-2.5002e-08,-2.0838e-08,-1.2501e-08,-2.5002e-08,-8.337e-09,-2.5002e-08,-2.0838e-08,-1.6673e-08,3.462497e-06
14,4.519,-0.36,-1.6673e-08,-2.0838e-08,-3.3339e-08,-1.6673e-08,-2.5002e-08,-1.6673e-08,-1.6673e-08,-2.5002e-08,-2.9174e-08,-2.9174e-08,-2.0838e-08,-1.6673e-08,-1.6673e-08,-2.0838e-08,-2.5002e-08,3.445832e-06
15,4.842,-0.35,-2.5002e-08,-2.9174e-08,-2.0838e-08,-2.0838e-08,-2.9174e-08,-2.5002e-08,-1.6673e-08,-1.6673e-08,-2.5002e-08,-1.6673e-08,-2.0838e-08,-2.5002e-08,-2.0838e-08,-2.9174e-08,-2.5002e-08,3.412493e-06
16,5.165,-0.34,-2.5002e-08,-2.0838e-08,-1.6673e-08,-2.9174e-08,-2.5002e-08,-2.0838e-08,-1.6673e-08,-2.9174e-08,-1.6673e-08,-2.0838e-08,-2.0838e-08,-2.0838e-08,-2.0838e-08,-2.0838e-08,-2.9174e-08,3.379162e-06
17,5.488,-0.33,-2.0838e-08,-2.9174e-08,-1.6673e-08,-1.2501e-08,-2.0838e-08,-2.0838e-08,-2.0838e-08,-2.0838e-08,-2.0838e-08,-2.5002e-08,-2.5002e-08,-2.0838e-08,-2.5002e-08,-2.0838e-08,-1.6673e-08,3.345831e-06
18,5.81,-0.32,-2.0838e-08,-2.9174e-08,-1.6673e-08,-2.0838e-08,-2.0838e-08,-2.0838e-08,-1.6673e-08,-2.5002e-08,-2.0838e-08,-1.6673e-08,-2.5002e-08,-1.6673e-08,-2.0838e-08,-2.9174e-08,-2.0838e-08,3.33333e-06
19,6.133,-0.31,-1.2501e-08,-2.0838e-08,-1.6673e-08,-2.0838e-08,-2.5002e-08,-1.6673e-08,-1.2501e-08,-1.6673e-08,-2.5002e-08,-2.9174e-08,-1.2501e-08,-2.0838e-08,-2.0838e-08,-1.6673e-08,-2.9174e-08,3.299999e-06
20,6.456,-0.3,-1.2501e-08,-1.6673e-08,-2.0838e-08,-2.0838e-08,-2.0838e-08,-1.6673e-08,-1.2501e-08,-2.5002e-08,-2.0838e-08,-2.5002e-08,-1.6673e-08,-2.5002e-08,-1.2501e-08,-1.6673e-08,-2.0838e-08,3.270833e-06
21,6.779,-0.29,-2.5002e-08,-2.9174e-08,-2.0838e-08,-1.6673e-08,-2.0838e-08,-1.6673e-08,-2.5002e-08,-1.6673e-08,-1.6673e-08,-2.0838e-08,-2.0838e-08,-1.6673e-08,-2.0838e-08,-2.9174e-08,-2.5002e-08,3.233329e-06
22,7.102,-0.28,-2.0838e-08,-2.0838e-08,-2.0838e-08,-2.9174e-08,-2.0838e-08,-1.6673e-08,-1.6673e-08,-8.337e-09,-2.9174e-08,-2.5002e-08,-1.6673e-08,-2.9174e-08,-1.6673e-08,-2.0838e-08,-2.5002e-08,3.204163e-06
23,7.424,-0.27,-2.0838e-08,-1.6673e-08,-1.6673e-08,-2.5002e-08,-2.9174e-08,-2.5002e-08,-2.0838e-08,-2.0838e-08,-1.2501e-08,-2.5002e-08,-2.0838e-08,-1.6673e-08,-2.9174e-08,-2.0838e-08,-2.0838e-08,3.179161e-06
24,7.747,-0.26,-2.0838e-08,-2.0838e-08,-1.6673e-08,-1.6673e-08,-1.2501e-08,-1.6673e-08,-2.5002e-08,-2.0838e-08,-1.6673e-08,-1.2501e-08,-1.2501e-08,-2.5002e-08,-2.5002e-08,-2.9174e-08,-2.0838e-08,3.129164e-06
25,8.07,-0.25,-1.6673e-08,-8.337e-09,-2.9174e-08,-2.0838e-08,-2.0838e-08,-2.0838e-08,-1.6673e-08,-2.0838e-08,-3.3339e-08,-1.6673e-08,-2.0838e-08,-1.6673e-08,-2.0838e-08,-2.0838e-08,-2.5002e-08,3.129164e-06
26,8.393,-0.24,-2.0838e-08,-1.2501e-08,-1.2501e-08,-1.6673e-08,-2.5002e-08,-2.9174e-08,-1.6673e-08,-1.6673e-08,-2.0838e-08,-2.0838e-08,-2.9174e-08,-2.5002e-08,-2.0838e-08,-2.0838e-08,-1.6673e-08,3.095826e-06
27,8.716,-0.23,-1.6673e-08,-2.0838e-08,-1.2501e-08,-1.6673e-08,-1.6673e-08,-1.6673e-08,-1.6673e-08,-1.6673e-08,-2.9174e-08,-2.9174e-08,-8.337e-09,-1.6673e-08,-2.5002e-08,-2.0838e-08,-1.2501e-08,3.074996e-06
28,9.038,-0.22,-1.2501e-08,-2.5002e-08,-1.6673e-08,-1.6673e-08,-1.6673e-08,-2.9174e-08,-2.5002e-08,-1.6673e-08,-1.2501e-08,-2.0838e-08,-2.0838e-08,-2.0838e-08,-2.0838e-08,-1.6673e-08,-1.6673e-08,3.033328e-06
29,9.361,-0.21,-2.0838e-08,-1.2501e-08,-2.0838e-08,-1.6673e-08,-2.0838e-08,-2.5002e-08,-2.5002e-08,-1.6673e-08,-2.5002e-08,-1.6673e-08,-2.5002e-08,-2.0838e-08,-2.0838e-08,-1.6673e-08,-2.0838e-08,3.008326e-06
30,9.684,-0.2,-1.6673e-08,-1.6673e-08,-3.3339e-08,-2.0838e-08,-8.337e-09,-1.6673e-08,-2.0838e-08,-2.0838e-08,-1.6673e-08,-2.9174e-08,-2.5002e-08,-1.6673e-08,-1.2501e-08,-1.6673e-08,-2.5002e-08,2.974995e-06
31,10.007,-0.19,-1.6673e-08,-2.5002e-08,-1.6673e-08,-2.0838e-08,-2.5002e-08,-2.9174e-08,-2.9174e-08,-2.5002e-08,-2.0838e-08,-1.6673e-08,-1.2501e-08,-2.5002e-08,-2.5002e-08,-1.6673e-08,-2.0838e-08,2.949993e-06
32,10.33,-0.18,-2.0838e-08,-1.6673e-08,-1.6673e-08,-1.6673e-08,-1.6673e-08,-1.2501e-08,-1.2501e-08,-1.6673e-08,-2.0838e-08,-2.0838e-08,-1.6673e-08,-1.6673e-08,-1.6673e-08,-2.5002e-08,-2.0838e-08,2.912498e-06
33,10.653,-0.17,-1.6673e-08,-2.0838e-08,-1.6673e-08,-1.6673e-08,-2.5002e-08,-2.0838e-08,-1.6673e-08,-2.0838e-08,-2.9174e-08,-2.5002e-08,-2.0838e-08,-2.0838e-08,-2.0838e-08,-2.5002e-08,-2.5002e-08,2.904161e-06
34,10.975,-0.16,-2.5002e-08,-1.6673e-08,-1.2501e-08,-1.6673e-08,-1.6673e-08,-2.0838e-08,-3.7503e-08,-2.5002e-08,-2.0838e-08,-1.6673e-08,-1.6673e-08,-2.5002e-08,-2.9174e-08,-1.6673e-08,-2.0838e-08,2.874994e-06
35,11.298,-0.15,-2.0838e-08,-2.0838e-08,-1.6673e-08,-2.5002e-08,-2.0838e-08,-2.0838e-08,-2.0838e-08,-2.0838e-08,-2.5002e-08,-2.5002e-08,-2.5002e-08,-1.6673e-08,-1.2501e-08,-1.6673e-08,-2.5002e-08,2.837499e-06
36,11.621,-0.14,-2.0838e-08,-2.5002e-08,-2.0838e-08,-2.5002e-08,-2.0838e-08,-2.0838e-08,-2.0838e-08,-1.6673e-08,-1.6673e-08,-1.6673e-08,-2.9174e-08,-2.5002e-08,-8.337e-09,-3.3339e-08,-1.2501e-08,2.816661e-06
37,11.944,-0.13,-2.0838e-08,-1.6673e-08,-2.0838e-08,-1.6673e-08,-1.6673e-08,-2.0838e-08,-2.5002e-08,-2.9174e-08,-1.6673e-08,-2.0838e-08,-2.5002e-08,-2.5002e-08,-2.0838e-08,-2.0838e-08,-2.0838e-08,2.795831e-06
38,12.267,-0.12,-1.6673e-08,-2.0838e-08,-2.0838e-08,-2.5002e-08,-2.5002e-08,-2.9174e-08,-1.6673e-08,-1.6673e-08,-1.2501e-08,-2.5002e-08,-1.6673e-08,-1.6673e-08,-1.6673e-08,-2.0838e-08,-2.0838e-08,2.774994e-06
39,12.589,-0.11,-2.5002e-08,-1.2501e-08,-1.6673e-08,-2.0838e-08,-1.6673e-08,-2.0838e-08,-2.9174e-08,-2.0838e-08,-2.0838e-08,-1.6673e-08,-1.6673e-08,-2.9174e-08,-1.2501e-08,-1.2501e-08,-2.0838e-08,2.745827e-06
40,12.912,-0.1,-2.0838e-08,-2.5002e-08,-1.6673e-08,-2.0838e-08,-1.6673e-08,-1.6673e-08,-2.0838e-08,-2.0838e-08,-1.6673e-08,-2.0838e-08,-2.5002e-08,-2.5002e-08,-2.0838e-08,-1.6673e-08,-2.0838e-08,2.708332e-06
41,13.235,-0.09,-1.6673e-08,-2.0838e-08,-1.6673e-08,-2.0838e-08,-1.6673e-08,-1.6673e-08,-1.2501e-08,-2.0838e-08,-2.5002e-08,-2.5002e-08,-2.0838e-08,-1.6673e-08,-1.6673e-08,-2.5002e-08,-1.6673e-08,2.687494e-06
42,13.558,-0.08,-2.0838e-08,-1.6673e-08,-1.6673e-08,-1.6673e-08,-1.6673e-08,-1.2501e-08,-2.9174e-08,-1.6673e-08,-2.5002e-08,-2.0838e-08,-2.0838e-08,-2.0838e-08,-2.0838e-08,-2.0838e-08,-2.0838e-08,2.662492e-06
43,13.881,-0.07,-2.0838e-08,-1.6673e-08,-2.0838e-08,-2.5002e-08,-2.0838e-08,-1.6673e-08,-1.6673e-08,-2.0838e-08,-2.9174e-08,-1.6673e-08,-1.6673e-08,-1.6673e-08,-2.0838e-08,-2.0838e-08,-1.6673e-08,2.633325e-06
44,14.203,-0.06,-1.6673e-08,-8.337e-09,-2.0838e-08,-2.0838e-08,-2.9174e-08,-2.0838e-08,-2.5002e-08,-2.0838e-08,-2.0838e-08,-2.0838e-08,-2.0838e-08,-2.5002e-08,-2.0838e-08,-2.0838e-08,-1.6673e-08,2.604159e-06
45,14.526,-0.05,-1.6673e-08,-1.6673e-08,-2.0838e-08,-1.6673e-08,-2.5002e-08,-2.9174e-08,-1.2501e-08,-1.6673e-08,-2.0838e-08,-1.2501e-08,-2.0838e-08,-2.0838e-08,-2.0838e-08,-2.0838e-08,-1.6673e-08,2.570828e-06
46,14.849,-0.04,-1.6673e-08,-2.0838e-08,-2.0838e-08,-2.9174e-08,-2.0838e-08,-1.6673e-08,-1.6673e-08,-2.0838e-08,-1.6673e-08,-2.5002e-08,-1.6673e-08,-1.6673e-08,-1.6673e-08,-1.6673e-08,-2.9174e-08,2.554162e-06
47,15.172,-0.03,-2.0838e-08,-1.6673e-08,-2.0838e-08,-1.6673e-08,-1.6673e-08,-2.5002e-08,-1.6673e-08,-2.5002e-08,-2.0838e-08,-1.6673e-08,-1.2501e-08,-2.5002e-08,-2.0838e-08,-2.0838e-08,-2.0838e-08,2.533332e-06
48,15.495,-0.02,-1.6673e-08,-1.6673e-08,-2.0838e-08,-1.6673e-08,-2.5002e-08,-2.0838e-08,-1.6673e-08,-1.6673e-08,-1.6673e-08,-1.6673e-08,-8.337e-09,-1.6673e-08,-2.0838e-08,-2.0838e-08,-2.5002e-08,2.520831e-06
49,15.818,-0.01,-1.6673e-08,-2.5002e-08,-2.0838e-08,-1.6673e-08,-1.6673e-08,-1.2501e-08,-2.0838e-08,-2.0838e-08,-1.6673e-08,-1.6673e-08,-2.0838e-08,-1.6673e-08,-1.6673e-08,-2.0838e-08,-2.5002e-08,2.491665e-06
50,16.14,0.0,-2.0838e-08,-1.6673e-08,-1.6673e-08,-2.5002e-08,-1.2501e-08,-2.5002e-08,-3.3339e-08,-1.2501e-08,-1.6673e-08,-2.0838e-08,-2.0838e-08,-2.5002e-08,-2.5002e-08,-2.5002e-08,-1.6673e-08,2.466663e-06
51,16.463,0.01,-1.6673e-08,-1.6673e-08,-1.6673e-08,-2.0838e-08,-1.2501e-08,-2.0838e-08,-1.6673e-08,-1.6673e-08,-1.6673e-08,-1.6673e-08,-2.0838e-08,-1.6673e-08,-2.0838e-08,-1.2501e-08,-3.3339e-08,2.433332e-06
52,16.786,0.02,-1.6673e-08,-1.6673e-08,-1.6673e-08,-2.0838e-08,-1.6673e-08,-2.0838e-08,-1.2501e-08,-1.6673e-08,-4.172e-09,-1.6673e-08,-2.0838e-08,-1.6673e-08,-1.6673e-08,-2.5002e-08,-1.6673e-08,2.412494e-06
53,17.109,0.03,-2.9174e-08,-2.5002e-08,-2.5002e-08,-2.0838e-08,-1.6673e-08,-2.5002e-08,-1.2501e-08,-1.6673e-08,-1.6673e-08,-2.0838e-08,-1.6673e-08,-2.5002e-08,-2.0838e-08,-1.6673e-08,-1.6673e-08,2.383327e-06
54,17.432,0.04,-2.0838e-08,-1.6673e-08,-2.0838e-08,-2.9174e-08,-1.6673e-08,-1.2501e-08,-1.6673e-08,-1.6673e-08,-2.0838e-08,-2.0838e-08,-2.5002e-08,-1.6673e-08,-1.6673e-08,-2.5002e-08,-2.0838e-08,2.370826e-06
55,17.754,0.05,-2.0838e-08,-1.2501e-08,-1.2501e-08,-1.6673e-08,-2.0838e-08,-2.0838e-08,-2.9174e-08,-1.6673e-08,-2.0838e-08,-2.9174e-08,-2.0838e-08,-2.5002e-08,-3.3339e-08,-1.2501e-08,-2.0838e-08,2.337496e-06
56,18.077,0.06,-2.0838e-08,-2.0838e-08,-2.0838e-08,-1.6673e-08,-1.6673e-08,-2.5002e-08,-2.0838e-08,-2.0838e-08,-1.6673e-08,-2.0838e-08,-2.5002e-08,-2.5002e-08,-2.5002e-08,-1.2501e-08,-1.2501e-08,2.304165e-06
57,18.4,0.07,-1.6673e-08,-1.6673e-08,-1.6673e-08,-1.6673e-08,-1.2501e-08,-2.5002e-08,-1.6673e-08,-1.6673e-08,-2.5002e-08,-2.5002e-08,-2.0838e-08,-2.0838e-08,-1.2501e-08,-2.5002e-08,-2.5002e-08,2.283327e-06
58,18.723,0.08,-1.2501e-08,-8.337e-09,-1.2501e-08,-1.6673e-08,-2.0838e-08,-2.9174e-08,-3.3339e-08,-1.6673e-08,-1.6673e-08,-1.6673e-08,-1.2501e-08,-2.0838e-08,-1.6673e-08,-2.5002e-08,-1.2501e-08,2.262497e-06
59,19.046,0.09,-2.0838e-08,-1.6673e-08,-2.0838e-08,-2.5002e-08,-1.6673e-08,-2.0838e-08,-2.5002e-08,-2.5002e-08,-2.0838e-08,-1.6673e-08,-8.337e-09,-1.6673e-08,-2.5002e-08,-1.6673e-08,-1.2501e-08,2.237495e-06
60,19.369,0.1,-2.0838e-08,-1.2501e-08,-1.6673e-08,-2.5002e-08,-2.0838e-08,-1.6673e-08,-1.6673e-08,-2.5002e-08,-2.5002e-08,-1.6673e-08,-2.0838e-08,-1.6673e-08,-1.6673e-08,-2.0838e-08,-1.6673e-08,2.212493e-06
61,19.691,0.11,-2.5002e-08,-2.5002e-08,-1.6673e-08,-1.6673e-08,-2.0838e-08,-2.0838e-08,-2.5002e-08,-2.5002e-08,-2.0838e-08,-1.6673e-08,-8.337e-09,-2.0838e-08,-2.5002e-08,-1.6673e-08,-2.5002e-08,2.187498e-06
62,20.014,0.12,-8.337e-09,-1.6673e-08,-2.5002e-08,-2.5002e-08,-2.0838e-08,-2.0838e-08,-1.6673e-08,-1.6673e-08,-1.6673e-08,-2.9174e-08,-2.5002e-08,-2.5002e-08,-2.0838e-08,-2.0838e-08,-2.9174e-08,2.174997e-06
63,20.337,0.13,-2.5002e-08,-1.2501e-08,-2.0838e-08,-2.0838e-08,-2.0838e-08,-2.0838e-08,-1.6673e-08,-1.6673e-08,-2.0838e-08,-1.2501e-08,-1.6673e-08,-2.0838e-08,-1.6673e-08,-1.2501e-08,-2.0838e-08,2.13333e-06
64,20.66,0.14,-1.6673e-08,-1.6673e-08,-2.5002e-08,-1.6673e-08,-2.5002e-08,-1.2501e-08,-2.0838e-08,-2.5002e-08,-2.0838e-08,-2.5002e-08,-2.0838e-08,-2.0838e-08,-1.6673e-08,-2.0838e-08,-2.0838e-08,2.116664e-06
65,20.983,0.15,-1.2501e-08,-2.5002e-08,-2.0838e-08,-1.6673e-08,-1.6673e-08,-2.5002e-08,-2.0838e-08,-2.0838e-08,-2.0838e-08,-1.6673e-08,-1.6673e-08,-1.6673e-08,-2.0838e-08,-1.6673e-08,-1.2501e-08,2.079161e-06
66,21.305,0.16,-2.9174e-08,-2.0838e-08,-2.5002e-08,-2.0838e-08,-2.0838e-08,-2.0838e-08,-1.6673e-08,-8.337e-09,-1.6673e-08,-1.6673e-08,-2.0838e-08,-2.9174e-08,-2.5002e-08,-2.0838e-08,-2.9174e-08,2.058331e-06
67,21.628,0.17,-1.6673e-08,-1.6673e-08,-1.6673e-08,-1.6673e-08,-1.6673e-08,-8.337e-09,-1.6673e-08,-2.0838e-08,-2.0838e-08,-2.0838e-08,-8.337e-09,-1.6673e-08,-1.6673e-08,-1.6673e-08,-2.0838e-08,2.037493e-06
68,21.951,0.18,-1.2501e-08,-2.0838e-08,-2.5002e-08,-1.2501e-08,-1.6673e-08,-2.9174e-08,-2.0838e-08,-2.0838e-08,-2.5002e-08,-2.5002e-08,-2.5002e-08,-1.6673e-08,-1.6673e-08,-1.6673e-08,-1.6673e-08,2.012499e-06
69,22.274,0.19,-1.2501e-08,-1.6673e-08,-1.6673e-08,-1.6673e-08,-2.5002e-08,-2.0838e-08,-1.6673e-08,-2.0838e-08,-1.2501e-08,-1.6673e-08,-2.0838e-08,-2.5002e-08,-2.5002e-08,-2.0838e-08,-1.6673e-08,1.97916e-06
70,22.597,0.2,-1.2501e-08,-1.6673e-08,-2.5002e-08,-2.5002e-08,-2.0838e-08,-1.2501e-08,-2.0838e-08,-1.2501e-08,-2.5002e-08,-2.0838e-08,-1.6673e-08,-1.2501e-08,-1.6673e-08,-2.5002e-08,-2.9174e-08,1.958331e-06
71,22.919,0.21,-2.0838e-08,-2.5002e-08,-1.2501e-08,-1.6673e-08,-1.6673e-08,-2.5002e-08,-2.0838e-08,-2.0838e-08,-2.0838e-08,-2.0838e-08,-2.0838e-08,-2.5002e-08,-2.9174e-08,-8.337e-09,-2.0838e-08,1.937493e-06
72,23.242,0.22,-2.0838e-08,-1.6673e-08,-1.6673e-08,-2.0838e-08,-2.0838e-08,-2.0838e-08,-2.5002e-08,-2.0838e-08,-2.0838e-08,-2.0838e-08,-2.5002e-08,-2.5002e-08,-2.0838e-08,-1.6673e-08,-2.0838e-08,1.904162e-06
73,23.565,0.23,-1.6673e-08,-2.0838e-08,-2.0838e-08,-2.5002e-08,-1.6673e-08,-1.6673e-08,-1.6673e-08,-2.5002e-08,-3.3339e-08,-8.337e-09,-2.0838e-08,-1.6673e-08,-1.6673e-08,-2.5002e-08,-2.0838e-08,1.891661e-06
74,23.888,0.24,-1.6673e-08,-1.6673e-08,-1.6673e-08,-2.0838e-08,-1.6673e-08,-2.5002e-08,-2.9174e-08,-2.0838e-08,-2.0838e-08,-1.6673e-08,-2.0838e-08,-1.6673e-08,-2.0838e-08,-1.6673e-08,-1.6673e-08,1.866659e-06
75,24.211,0.25,-1.6673e-08,-1.6673e-08,-1.2501e-08,-4.172e-09,-1.6673e-08,-1.2501e-08,-1.6673e-08,-1.6673e-08,-2.9174e-08,-2.9174e-08,-2.0838e-08,-2.5002e-08,-1.6673e-08,-1.6673e-08,-1.6673e-08,1.854165e-06
76,24.534,0.26,-1.6673e-08,-1.2501e-08,-1.6673e-08,-2.0838e-08,-2.5002e-08,-2.5002e-08,-2.0838e-08,-2.0838e-08,-2.0838e-08,-2.0838e-08,-1.6673e-08,-1.6673e-08,-2.5002e-08,-2.5002e-08,-2.5002e-08,1.808325e-06
77,24.856,0.27,-2.5002e-08,-2.0838e-08,-1.6673e-08,-2.0838e-08,-1.6673e-08,-2.9174e-08,-2.0838e-08,-2.0838e-08,-2.0838e-08,-1.6673e-08,-2.5002e-08,-1.6673e-08,-2.0838e-08,-2.5002e-08,-1.6673e-08,1.79166e-06
78,25.179,0.28,-1.6673e-08,-1.6673e-08,-2.0838e-08,-2.0838e-08,-2.0838e-08,-2.5002e-08,-2.0838e-08,-2.0838e-08,-1.6673e-08,-2.0838e-08,-2.0838e-08,-2.5002e-08,-1.6673e-08,-2.9174e-08,-2.0838e-08,1.77083e-06
79,25.502,0.29,-2.5002e-08,-1.6673e-08,-1.6673e-08,-2.0838e-08,-2.9174e-08,-2.0838e-08,-2.0838e-08,-2.0838e-08,-2.0838e-08,-1.6673e-08,-1.6673e-08,-2.0838e-08,-1.6673e-08,-1.6673e-08,-1.6673e-08,1.745828e-06
80,25.825,0.3,-2.0838e-08,-2.0838e-08,-1.6673e-08,-2.5002e-08,-1.2501e-08,-1.6673e-08,-1.6673e-08,-1.6673e-08,-1.6673e-08,-2.5002e-08,-2.0838e-08,-2.5002e-08,-2.0838e-08,-2.0838e-08,-2.0838e-08,1.733327e-06
81,26.148,0.31,-2.0838e-08,-1.6673e-08,-2.0838e-08,-2.0838e-08,-1.6673e-08,-1.6673e-08,-2.0838e-08,-2.5002e-08,-2.5002e-08,-2.5002e-08,-2.0838e-08,-1.6673e-08,-1.6673e-08,-2.5002e-08,-2.0838e-08,1.683331e-06
82,26.47,0.32,-2.0838e-08,-2.0838e-08,-2.5002e-08,-2.0838e-08,-2.0838e-08,-2.5002e-08,-3.7503e-08,-2.0838e-08,-1.6673e-08,-2.0838e-08,-1.6673e-08,-2.5002e-08,-1.6673e-08,-2.0838e-08,-1.6673e-08,1.674994e-06
83,26.793,0.33,-2.0838e-08,-2.0838e-08,-1.6673e-08,-2.5002e-08,-2.5002e-08,-2.0838e-08,-2.0838e-08,-2.0838e-08,-1.6673e-08,-1.6673e-08,-1.6673e-08,-2.0838e-08,-1.6673e-08,-1.6673e-08,-2.9174e-08,1.654164e-06
84,27.116,0.34,-1.2501e-08,-1.2501e-08,-1.6673e-08,-1.6673e-08,-2.0838e-08,-2.0838e-08,-1.6673e-08,-2.5002e-08,-2.5002e-08,-2.5002e-08,-2.0838e-08,-1.6673e-08,-1.6673e-08,-2.5002e-08,-1.6673e-08,1.629162e-06
85,27.439,0.35,-2.5002e-08,-1.6673e-08,-1.6673e-08,-1.2501e-08,-2.5002e-08,-2.5002e-08,-8.337e-09,-2.0838e-08,-2.0838e-08,-2.5002e-08,-1.6673e-08,-1.2501e-08,-1.6673e-08,-2.0838e-08,-2.5002e-08,1.608332e-06
86,27.762,0.36,-1.6673e-08,-2.5002e-08,-2.0838e-08,-2.5002e-08,-8.337e-09,-2.0838e-08,-2.5002e-08,-2.0838e-08,-1.2501e-08,-1.6673e-08,-1.6673e-08,-2.0838e-08,-1.6673e-08,-2.0838e-08,-1.6673e-08,1.58333e-06
87,28.084,0.37,-1.6673e-08,-1.6673e-08,-1.6673e-08,-2.9174e-08,-1.6673e-08,-1.2501e-08,-2.0838e-08,-2.0838e-08,-2.0838e-08,-1.6673e-08,-2.0838e-08,-2.0838e-08,-2.5002e-08,-8.337e-09,-2.0838e-08,1.562492e-06
88,28.407,0.38,-1.6673e-08,-2.0838e-08,-1.6673e-08,-2.5002e-08,-2.0838e-08,-1.6673e-08,-1.6673e-08,-2.0838e-08,-2.0838e-08,-2.5002e-08,-2.0838e-08,-2.0838e-08,-2.5002e-08,-2.0838e-08,-1.2501e-08,1.537498e-06
89,28.73,0.39,-1.6673e-08,-1.2501e-08,-2.0838e-08,-2.5002e-08,-2.0838e-08,-1.6673e-08,-1.6673e-08,-2.0838e-08,-1.6673e-08,-2.5002e-08,-1.6673e-08,-1.6673e-08,-1.6673e-08,-2.0838e-08,-2.5002e-08,1.520832e-06
90,29.053,0.4,-1.2501e-08,-2.0838e-08,-2.0838e-08,-2.0838e-08,-1.6673e-08,-2.5002e-08,-2.5002e-08,-2.0838e-08,-1.6673e-08,-1.6673e-08,-2.0838e-08,-1.6673e-08,-1.6673e-08,-1.6673e-08,-2.0838e-08,1.491666e-06
91,29.376,0.41,-1.6673e-08,-2.5002e-08,-1.6673e-08,-2.5002e-08,-2.5002e-08,-2.0838e-08,-1.6673e-08,-1.6673e-08,-2.9174e-08,-1.2501e-08,-3.3339e-08,-2.0838e-08,-2.0838e-08,-2.5002e-08,-2.5002e-08,1.470828e-06
92,29.699,0.42,-2.0838e-08,-1.2501e-08,-2.9174e-08,-2.0838e-08,-2.9174e-08,-1.6673e-08,-2.5002e-08,-2.9174e-08,-2.5002e-08,-2.9174e-08,-2.0838e-08,-1.6673e-08,-1.2501e-08,-1.6673e-08,-2.5002e-08,1.445826e-06
93,30.021,0.43,-1.2501e-08,-2.0838e-08,-1.6673e-08,-2.0838e-08,-1.6673e-08,-1.2501e-08,-2.0838e-08,-2.0838e-08,-1.6673e-08,-1.2501e-08,-1.6673e-08,-2.5002e-08,-2.0838e-08,-2.5002e-08,-1.6673e-08,1.42916e-06
94,30.344,0.44,-1.6673e-08,-2.0838e-08,-2.0838e-08,-2.5002e-08,-2.0838e-08,-2.5002e-08,-2.0838e-08,-2.0838e-08,-2.5002e-08,-2.5002e-08,-1.2501e-08,-2.0838e-08,-1.2501e-08,-2.0838e-08,-2.9174e-08,1.395829e-06
95,30.667,0.45,-2.5002e-08,-2.9174e-08,-1.2501e-08,-1.2501e-08,-2.0838e-08,-1.6673e-08,-2.0838e-08,-2.0838e-08,-1.6673e-08,-2.0838e-08,-1.6673e-08,-1.6673e-08,-2.9174e-08,-2.0838e-08,-2.0838e-08,1.379164e-06
96,30.99,0.46,-1.6673e-08,-2.0838e-08,-1.6673e-08,-1.6673e-08,-1.6673e-08,-2.9174e-08,-2.0838e-08,-1.6673e-08,-1.6673e-08,-1.2501e-08,-2.0838e-08,-1.6673e-08,-2.0838e-08,-2.5002e-08,-1.6673e-08,1.358326e-06
97,31.313,0.47,-1.6673e-08,-1.6673e-08,-1.6673e-08,-2.0838e-08,-2.0838e-08,-2.0838e-08,-2.0838e-08,-1.6673e-08,-1.6673e-08,-2.5002e-08,-1.6673e-08,-1.6673e-08,-1.6673e-08,-2.0838e-08,-2.9174e-08,1.32916e-06
98,31.635,0.48,-2.0838e-08,-2.5002e-08,-2.5002e-08,-1.6673e-08,-1.6673e-08,-3.3339e-08,-2.0838e-08,-2.9174e-08,-8.337e-09,-2.0838e-08,-2.0838e-08,-2.0838e-08,-2.9174e-08,-2.0838e-08,-1.6673e-08,1.304165e-06
99,31.958,0.49,-2.0838e-08,-2.9174e-08,-1.6673e-08,-2.5002e-08,-1.6673e-08,-1.6673e-08,-2.0838e-08,-2.0838e-08,-2.0838e-08,-2.5002e-08,-2.0838e-08,-2.5002e-08,-2.5002e-08,-1.6673e-08,-1.6673e-08,1.274999e-06
100,32.281,0.5,-1.2501e-08,-2.0838e-08,-2.0838e-08,-2.0838e-08,-2.0838e-08,-1.6673e-08,-2.0838e-08,-1.6673e-08,-2.0838e-08,-1.6673e-08,-1.6673e-08,-1.6673e-08,-1.6673e-08,-2.5002e-08,-2.0838e-08,1.258326e-06
101,32.604,0.51,-1.6673e-08,-1.6673e-08,-1.2501e-08,-1.6673e-08,-1.6673e-08,-1.2501e-08,-1.6673e-08,-2.0838e-08,-1.6673e-08,-1.6673e-08,-2.5002e-08,-2.0838e-08,-2.5002e-08,-1.6673e-08,-1.6673e-08,1.229159e-06
102,32.927,0.52,-2.0838e-08,-1.6673e-08,-2.0838e-08,-2.5002e-08,-1.6673e-08,-2.5002e-08,-1.6673e-08,-1.6673e-08,-2.0838e-08,-2.0838e-08,-8.337e-09,-1.6673e-08,-2.5002e-08,-2.5002e-08,-2.9174e-08,1.208329e-06
103,33.249,0.53,-2.5002e-08,-1.6673e-08,-8.337e-09,-1.6673e-08,-2.0838e-08,-1.6673e-08,-2.5002e-08,-2.0838e-08,-1.6673e-08,-1.6673e-08,-2.0838e-08,-1.6673e-08,-2.0838e-08,-1.6673e-08,-1.6673e-08,1.187491e-06
104,33.572,0.54,-2.0838e-08,-2.9174e-08,-2.0838e-08,-1.2501e-08,-1.6673e-08,-2.0838e-08,-1.6673e-08,-2.0838e-08,-1.6673e-08,-1.6673e-08,-2.0838e-08,-2.0838e-08,-1.6673e-08,-2.9174e-08,-2.0838e-08,1.162497e-06
105,33.895,0.55,-1.6673e-08,-1.6673e-08,-2.0838e-08,-1.6673e-08,-1.6673e-08,-2.5002e-08,-1.6673e-08,-1.6673e-08,-2.5002e-08,-1.6673e-08,-1.6673e-08,-1.6673e-08,-1.6673e-08,-2.0838e-08,-1.6673e-08,1.133331e-06
106,34.218,0.56,-2.0838e-08,-2.9174e-08,-2.0838e-08,-1.6673e-08,-1.6673e-08,-2.0838e-08,-1.6673e-08,-2.0838e-08,-2.0838e-08,-2.0838e-08,-2.0838e-08,-2.0838e-08,-2.0838e-08,-1.6673e-08,-2.5002e-08,1.104164e-06
107,34.541,0.57,-2.0838e-08,-2.0838e-08,-2.5002e-08,-2.5002e-08,-3.3339e-08,-2.0838e-08,-1.6673e-08,-2.9174e-08,-1.6673e-08,-2.0838e-08,-2.5002e-08,-1.6673e-08,-1.6673e-08,-2.0838e-08,-1.2501e-08,1.074998e-06
108,34.864,0.58,-1.6673e-08,-2.5002e-08,-3.3339e-08,-1.2501e-08,-2.5002e-08,-1.6673e-08,-1.2501e-08,-1.2501e-08,-2.0838e-08,-1.6673e-08,-2.0838e-08,-2.5002e-08,-2.5002e-08,-2.5002e-08,-1.6673e-08,1.049995e-06
109,35.186,0.59,-2.0838e-08,-1.2501e-08,-2.0838e-08,-2.0838e-08,-1.6673e-08,-2.0838e-08,-2.9174e-08,-1.6673e-08,-2.0838e-08,-2.0838e-08,-2.0838e-08,-1.6673e-08,-2.5002e-08,-1.6673e-08,-2.0838e-08,1.03333e-06
110,35.509,0.6,-2.0838e-08,-1.2501e-08,-2.0838e-08,-2.0838e-08,-2.5002e-08,-8.337e-09,-1.6673e-08,-1.6673e-08,-2.0838e-08,-2.5002e-08,-1.2501e-08,-2.0838e-08,-1.6673e-08,-1.6673e-08,-1.6673e-08,1.012492e-06
111,35.832,0.61,-2.0838e-08,-2.5002e-08,-2.0838e-08,-2.0838e-08,-2.0838e-08,-2.0838e-08,-2.5002e-08,-2.0838e-08,-2.5002e-08,-1.2501e-08,-2.0838e-08,-1.6673e-08,-1.6673e-08,-1.6673e-08,-2.5002e-08,9.83326e-07
112,36.155,0.62,-2.0838e-08,-2.9174e-08,-2.5002e-08,-1.2501e-08,-2.9174e-08,-1.6673e-08,-1.2501e-08,-2.0838e-08,-1.6673e-08,-1.2501e-08,-1.6673e-08,-2.0838e-08,-1.6673e-08,-1.6673e-08,-2.5002e-08,9.49995e-07
113,36.478,0.63,-1.6673e-08,-2.5002e-08,-2.5002e-08,-1.6673e-08,-2.0838e-08,-1.6673e-08,-2.5002e-08,-1.6673e-08,-2.0838e-08,-1.6673e-08,-2.0838e-08,-1.6673e-08,-1.6673e-08,-2.0838e-08,-2.0838e-08,9.33329e-07
114,36.8,0.64,-1.2501e-08,-2.0838e-08,-2.0838e-08,-2.0838e-08,-1.6673e-08,-1.2501e-08,-1.6673e-08,-2.0838e-08,-1.6673e-08,-2.0838e-08,-2.0838e-08,-2.9174e-08,-1.6673e-08,-1.2501e-08,-2.0838e-08,8.99998e-07
115,37.123,0.65,-2.5002e-08,-2.5002e-08,-1.6673e-08,-2.0838e-08,-2.5002e-08,-2.0838e-08,-1.6673e-08,-2.0838e-08,-1.2501e-08,-1.6673e-08,-1.2501e-08,-1.6673e-08,-1.2501e-08,-2.0838e-08,-1.6673e-08,8.87497e-07
116,37.446,0.66,-1.6673e-08,-1.2501e-08,-1.6673e-08,-1.6673e-08,-1.6673e-08,-2.5002e-08,-1.6673e-08,-2.0838e-08,-1.2501e-08,-1.6673e-08,-1.6673e-08,-2.0838e-08,-2.0838e-08,-2.0838e-08,-2.9174e-08,8.49994e-07
117,37.769,0.67,-1.2501e-08,-2.0838e-08,-2.0838e-08,-1.2501e-08,-1.6673e-08,-2.0838e-08,-1.6673e-08,-2.0838e-08,-1.6673e-08,-1.6673e-08,-1.6673e-08,-2.5002e-08,-8.337e-09,-1.6673e-08,-1.6673e-08,8.29164e-07
118,38.092,0.68,-1.6673e-08,-1.2501e-08,-1.2501e-08,-2.5002e-08,-2.0838e-08,-1.6673e-08,-2.5002e-08,-2.5002e-08,-2.0838e-08,-2.5002e-08,-1.6673e-08,-1.6673e-08,-1.6673e-08,-1.2501e-08,-2.5002e-08,7.91661e-07
119,38.414,0.69,-2.0838e-08,-1.6673e-08,-1.6673e-08,-2.0838e-08,-1.6673e-08,-1.6673e-08,-2.0838e-08,-2.5002e-08,-2.0838e-08,-2.0838e-08,-2.0838e-08,-2.0838e-08,-1.2501e-08,-2.0838e-08,-2.5002e-08,7.70831e-07
120,38.737,0.7,-2.5002e-08,-1.2501e-08,-1.6673e-08,-1.2501e-08,-2.5002e-08,-2.5002e-08,-2.0838e-08,-2.0838e-08,-2.0838e-08,-1.6673e-08,-1.2501e-08,-1.2501e-08,-2.0838e-08,-1.6673e-08,-2.5002e-08,7.5833e-07
121,39.06,0.71,-1.2501e-08,-1.6673e-08,-1.6673e-08,-2.9174e-08,-1.2501e-08,-1.6673e-08,-2.0838e-08,-1.6673e-08,-2.0838e-08,-2.0838e-08,-2.5002e-08,-2.9174e-08,-1.6673e-08,-2.5002e-08,-1.6673e-08,7.20827e-07
122,39.383,0.72,-2.5002e-08,-1.2501e-08,-1.6673e-08,-1.6673e-08,-2.0838e-08,-2.0838e-08,-2.0838e-08,-2.0838e-08,-1.6673e-08,-1.6673e-08,-1.6673e-08,-2.5002e-08,-2.0838e-08,-2.0838e-08,-1.2501e-08,7.04161e-07
123,39.706,0.73,-2.0838e-08,-1.6673e-08,-1.6673e-08,-2.0838e-08,-1.2501e-08,-2.0838e-08,-1.6673e-08,-2.5002e-08,-1.6673e-08,-2.9174e-08,-8.337e-09,-2.0838e-08,-1.6673e-08,-2.5002e-08,-2.0838e-08,6.87496e-07
124,40.029,0.74,-1.6673e-08,-1.6673e-08,-1.6673e-08,-2.0838e-08,-1.6673e-08,-1.6673e-08,-1.2501e-08,-2.5002e-08,-1.2501e-08,-1.6673e-08,-1.6673e-08,-2.0838e-08,-2.0838e-08,-1.2501e-08,-2.5002e-08,6.66658e-07
125,40.351,0.75,-2.9174e-08,-1.6673e-08,-2.0838e-08,-2.5002e-08,-1.6673e-08,-2.5002e-08,-2.0838e-08,-1.2501e-08,-1.6673e-08,-1.2501e-08,-1.2501e-08,-1.2501e-08,-1.2501e-08,-1.6673e-08,-1.6673e-08,6.49993e-07
126,40.674,0.76,-1.2501e-08,-1.2501e-08,-1.2501e-08,-1.2501e-08,-1.2501e-08,-1.2501e-08,-1.6673e-08,-2.0838e-08,-1.2501e-08,-1.2501e-08,-1.6673e-08,-1.6673e-08,-1.2501e-08,-1.2501e-08,-2.5002e-08,6.29163e-07
127,40.997,0.77,-1.2501e-08,-8.337e-09,-8.337e-09,-2.0838e-08,-2.0838e-08,-2.0838e-08,-1.2501e-08,-2.0838e-08,-2.0838e-08,-1.6673e-08,-2.5002e-08,-8.337e-09,-8.337e-09,-1.6673e-08,-2.0838e-08,6.20826e-07
128,41.32,0.78,-1.6673e-08,-1.2501e-08,-2.5002e-08,-1.6673e-08,-1.6673e-08,-1.6673e-08,-1.6673e-08,-1.6673e-08,-1.6673e-08,-2.0838e-08,-2.0838e-08,-1.2501e-08,-1.6673e-08,-1.6673e-08,-1.2501e-08,6.12497e-07
129,41.643,0.79,-1.2501e-08,-2.0838e-08,-2.5002e-08,-1.6673e-08,-1.2501e-08,-1.6673e-08,-2.5002e-08,-1.6673e-08,-2.5002e-08,-1.6673e-08,-2.5002e-08,-1.6673e-08,-1.6673e-08,-2.0838e-08,-1.6673e-08,6.08325e-07
130,41.965,0.8,-2.5002e-08,-1.6673e-08,-1.2501e-08,-1.6673e-08,-1.6673e-08,-1.6673e-08,-2.5002e-08,-1.6673e-08,-1.6673e-08,-1.6673e-08,-1.6673e-08,-2.0838e-08,-2.0838e-08,-8.337e-09,-1.2501e-08,5.99996e-07
131,42.288,0.81,-1.2501e-08,-1.6673e-08,-1.2501e-08,-1.2501e-08,-1.6673e-08,-1.2501e-08,-2.0838e-08,-1.6673e-08,-1.6673e-08,-2.9174e-08,-1.6673e-08,-2.5002e-08,-1.6673e-08,-2.5002e-08,-1.2501e-08,5.95832e-07
132,42.611,0.82,-1.6673e-08,-1.2501e-08,-2.0838e-08,-1.6673e-08,-2.0838e-08,-1.6673e-08,-1.6673e-08,-2.0838e-08,-1.6673e-08,-1.2501e-08,-8.337e-09,-8.337e-09,-1.2501e-08,-2.0838e-08,-1.2501e-08,6.12497e-07
133,42.934,0.83,-1.6673e-08,-2.9174e-08,-1.2501e-08,-2.0838e-08,-1.2501e-08,-1.2501e-08,-4.172e-09,-8.337e-09,-1.2501e-08,-1.2501e-08,-8.337e-09,-2.0838e-08,-1.2501e-08,-1.6673e-08,-8.337e-09,6.08325e-07
134,43.257,0.84,-1.2501e-08,-1.2501e-08,-1.2501e-08,-1.2501e-08,-8.337e-09,-1.2501e-08,-1.6673e-08,-1.2501e-08,-1.2501e-08,-2.0838e-08,-8.337e-09,-1.6673e-08,-1.6673e-08,-8.337e-09,-2.0838e-08,6.08325e-07
135,43.58,0.85,-8.337e-09,-1.6673e-08,-1.2501e-08,-1.6673e-08,-8.337e-09,-8.337e-09,-1.2501e-08,-1.2501e-08,-1.2501e-08,-1.2501e-08,-1.2501e-08,-8.337e-09,-1.2501e-08,-1.6673e-08,-1.6673e-08,6.16662e-07
136,43.902,0.86,-2.5002e-08,-1.2501e-08,-8.337e-09,-1.2501e-08,-1.2501e-08,-1.6673e-08,-1.6673e-08,-8.337e-09,-1.2501e-08,-4.172e-09,-1.2501e-08,-1.2501e-08,-1.2501e-08,-1.2501e-08,-1.2501e-08,6.37492e-07
137,44.225,0.87,-2.0838e-08,-1.2501e-08,-1.6673e-08,-1.6673e-08,-1.2501e-08,-8.337e-09,-8.337e-09,-1.2501e-08,-1.2501e-08,-2.0838e-08,-1.2501e-08,-1.6673e-08,-1.2501e-08,-8.337e-09,-1.2501e-08,6.33327e-07
138,44.548,0.88,-1.6673e-08,-1.6673e-08,-8.337e-09,-1.2501e-08,-1.6673e-08,-1.2501e-08,-1.2501e-08,-4.172e-09,-8.337e-09,-8.337e-09,-1.6673e-08,-1.2501e-08,-1.6673e-08,-8.337e-09,-8.337e-09,6.37492e-07
139,44.871,0.89,-1.2501e-08,-1.2501e-08,-1.2501e-08,-1.6673e-08,-1.2501e-08,-2.5002e-08,-1.2501e-08,-1.2501e-08,-1.2501e-08,-8.337e-09,-8.337e-09,-1.2501e-08,-8.337e-09,-1.6673e-08,-1.2501e-08,6.41664e-07
140,45.194,0.9,-1.6673e-08,-1.2501e-08,-1.2501e-08,-2.0838e-08,-1.2501e-08,-8.337e-09,-8.337e-09,-2.0838e-08,-2.0838e-08,-1.2501e-08,-8.337e-09,-1.6673e-08,-1.2501e-08,-8.337e-09,-1.6673e-08,6.54165e-07
141,45.516,0.91,-8.337e-09,-1.6673e-08,-8.337e-09,-1.2501e-08,-1.2501e-08,-1.6673e-08,-2.5002e-08,-2.0838e-08,-8.337e-09,-1.6673e-08,-1.6673e-08,-1.2501e-08,-1.2501e-08,-4.172e-09,-8.337e-09,6.66658e-07
142,45.839,0.92,-1.2501e-08,-8.337e-09,-8.337e-09,-1.6673e-08,-1.2501e-08,-8.337e-09,-1.2501e-08,-8.337e-09,-1.2501e-08,-8.337e-09,-8.337e-09,-8.337e-09,-1.2501e-08,-1.2501e-08,-1.6673e-08,6.7083e-07
143,46.162,0.93,-8.337e-09,-8.337e-09,-4.172e-09,-1.2501e-08,-1.2501e-08,-1.2501e-08,-1.6673e-08,-4.172e-09,-1.2501e-08,-1.2501e-08,-1.2501e-08,-1.2501e-08,-1.6673e-08,-1.2501e-08,-8.337e-09,6.9166e-07
144,46.485,0.94,-1.6673e-08,-8.337e-09,-8.337e-09,-8.337e-09,-4.172e-09,-4.172e-09,-1.6673e-08,-1.2501e-08,-8.337e-09,-1.2501e-08,-8.337e-09,-1.2501e-08,-8.337e-09,-8.337e-09,-1.2501e-08,6.99997e-07
145,46.808,0.95,-4.172e-09,-8.337e-09,-8.337e-09,-1.6673e-08,-8.337e-09,-4.172e-09,-1.6673e-08,-4.172e-09,-2.0838e-08,-2.0838e-08,-4.172e-09,-1.6673e-08,-1.2501e-08,-8.337e-09,-1.6673e-08,7.08326e-07
146,47.13,0.96,-8.337e-09,-8.337e-09,-8e-12,-4.172e-09,-8.337e-09,-1.2501e-08,-1.6673e-08,-4.172e-09,-8.337e-09,-1.2501e-08,-8.337e-09,-1.2501e-08,-1.2501e-08,-8.337e-09,-8e-12,7.12498e-07
147,47.453,0.97,-4.172e-09,-8.337e-09,-8.337e-09,-8e-12,-8.337e-09,-1.2501e-08,-1.6673e-08,-8.337e-09,-8.337e-09,-8.337e-09,-4.172e-09,-8.337e-09,-4.172e-09,-1.2501e-08,-8e-12,7.33328e-07
148,47.776,0.98,-4.172e-09,-8e-12,-8.337e-09,-8.337e-09,-4.172e-09,-8.337e-09,-4.172e-09,-1.2501e-08,-1.2501e-08,-1.2501e-08,-4.172e-09,-8.337e-09,-8.337e-09,-4.172e-09,-1.2501e-08,7.41665e-07
149,48.099,0.99,-8.337e-09,-8.337e-09,-8.337e-09,-8.337e-09,-8.337e-09,-1.6673e-08,-1.2501e-08,-4.172e-09,-4.172e-09,-1.6673e-08,-1.2501e-08,-1.2501e-08,-8.337e-09,-1.6673e-08,-8.337e-09,7.5833e-07
150,48.422,1.0,-8.337e-09,-2.0838e-08,-1.2501e-08,-8.337e-09,-8.337e-09,-8.337e-09,-8.337e-09,-4.172e-09,-1.2501e-08,-4.172e-09,-4.172e-09,-1.6673e-08,-4.172e-09,-4.172e-09,-1.2501e-08,7.66659e-07
151,48.745,1.01,-4.172e-09,-1.2501e-08,-2.0838e-08,-8.337e-09,-1.6673e-08,-8.337e-09,-4.172e-09,-1.2501e-08,-1.2501e-08,-4.172e-09,-1.2501e-08,-8.337e-09,-1.2501e-08,-4.172e-09,-1.2501e-08,7.7916e-07
152,49.067,1.02,-4.172e-09,-8.337e-09,-8.337e-09,-8.337e-09,-4.172e-09,-1.2501e-08,-4.172e-09,-8e-12,-1.2501e-08,-4.172e-09,-1.2501e-08,-8.337e-09,-8.337e-09,-1.2501e-08,-8.337e-09,7.95825e-07
153,49.39,1.03,-8e-12,-1.2501e-08,-8e-12,-1.6673e-08,-4.172e-09,-8e-12,-4.172e-09,-8e-12,-8e-12,-1.6673e-08,-4.172e-09,-8.337e-09,-4.172e-09,-4.172e-09,-8.337e-09,7.99998e-07
154,49.713,1.04,-1.2501e-08,-8.337e-09,-8.337e-09,-4.172e-09,-4.172e-09,-4.172e-09,-1.6673e-08,-8.337e-09,-1.2501e-08,-4.172e-09,-8.337e-09,-8.337e-09,-1.2501e-08,-1.2501e-08,-1.2501e-08,8.16663e-07
155,50.036,1.05,-4.172e-09,-4.172e-09,-8.337e-09,-4.172e-09,-8e-12,-4.172e-09,-8.337e-09,-1.6673e-08,-4.172e-09,-4.172e-09,-1.2501e-08,-8.337e-09,-4.172e-09,-4.172e-09,-4.172e-09,8.24992e-07
156,50.359,1.06,-8e-12,-8e-12,-8.337e-09,-8e-12,-1.2501e-08,-4.172e-09,-8e-12,-8.337e-09,-8e-12,-4.172e-09,-4.172e-09,-8e-12,-4.172e-09,-1.2501e-08,-1.2501e-08,8.54158e-07
157,50.681,1.07,-8e-12,-8.337e-09,-8e-12,-8e-12,-4.172e-09,-4.172e-09,-1.6673e-08,-4.172e-09,-1.6673e-08,-4.172e-09,-4.172e-09,-8.337e-09,-8.337e-09,-4.172e-09,-4.172e-09,8.70832e-07
158,51.004,1.08,-8.337e-09,-1.2501e-08,-8.337e-09,-8.337e-09,-8.337e-09,-4.172e-09,-4.172e-09,-8.337e-09,-4.172e-09,-4.172e-09,4.164e-09,-1.2501e-08,-1.2501e-08,-4.172e-09,-1.2501e-08,8.83325e-07
159,51.327,1.09,-8e-12,-8.337e-09,-8e-12,-4.172e-09,-8e-12,-8e-12,-8.337e-09,-8.337e-09,-4.172e-09,-8.337e-09,-4.172e-09,-1.2501e-08,-4.172e-09,-8.337e-09,-8.337e-09,8.99998e-07
160,51.65,1.1,-8.337e-09,-8e-12,-4.172e-09,4.164e-09,-4.172e-09,-1.2501e-08,-1.2501e-08,-1.2501e-08,-4.172e-09,-4.172e-09,-1.2501e-08,-8e-12,-8.337e-09,-8.337e-09,-1.2501e-08,9.20828e-07
161,51.973,1.11,-4.172e-09,-8e-12,-1.2501e-08,-8.337e-09,-4.172e-09,-8e-12,-8e-12,-4.172e-09,-4.172e-09,4.164e-09,-4.172e-09,-8e-12,-4.172e-09,-8e-12,-4.172e-09,9.41658e-07
162,52.295,1.12,-4.172e-09,-8e-12,-4.172e-09,-4.172e-09,-8.337e-09,-4.172e-09,-4.172e-09,-8e-12,-8e-12,-8e-12,-8e-12,-4.172e-09,8.329e-09,-1.2501e-08,-8e-12,9.54159e-07
163,52.618,1.13,-4.172e-09,-4.172e-09,-8.337e-09,-8.337e-09,-8e-12,4.164e-09,-4.172e-09,-4.172e-09,-4.172e-09,-4.172e-09,4.164e-09,-4.172e-09,4.164e-09,-8e-12,-8e-12,9.83326e-07
164,52.941,1.14,-8e-12,-8e-12,-1.2501e-08,-8.337e-09,-4.172e-09,-8e-12,-8e-12,-8e-12,-8.337e-09,-8.337e-09,-8e-12,-8e-12,4.164e-09,-8e-12,-8.337e-09,9.99999e-07
165,53.264,1.15,8.329e-09,-8e-12,8.329e-09,-8e-12,-8e-12,-4.172e-09,-8.337e-09,-8.337e-09,-4.172e-09,4.164e-09,-8e-12,-4.172e-09,-4.172e-09,8.329e-09,-8e-12,1.029166e-06
166,53.587,1.16,-8e-12,-8e-12,-4.172e-09,-4.172e-09,-4.172e-09,-8.337e-09,4.164e-09,-8.337e-09,-1.2501e-08,-4.172e-09,-8.337e-09,-8e-12,-8e-12,-8e-12,-8.337e-09,1.049995e-06
167,53.91,1.17,-8e-12,-4.172e-09,-8e-12,-8e-12,4.164e-09,-8e-12,-8e-12,-4.172e-09,4.164e-09,-4.172e-09,4.164e-09,4.164e-09,-4.172e-09,-8e-12,-4.172e-09,1.079162e-06
168,54.232,1.18,4.164e-09,4.164e-09,4.164e-09,-8e-12,-4.172e-09,-1.2501e-08,-8e-12,-8.337e-09,4.164e-09,4.164e-09,-4.172e-09,4.164e-09,-8e-12,4.164e-09,-8e-12,1.104164e-06
169,54.555,1.19,4.164e-09,8.329e-09,-8e-12,-4.172e-09,-4.172e-09,-8e-12,4.164e-09,4.164e-09,-8.337e-09,-4.172e-09,4.164e-09,4.164e-09,4.164e-09,8.329e-09,-8e-12,1.124994e-06
170,54.878,1.2,-8e-12,4.164e-09,4.164e-09,-8e-12,-8e-12,-4.172e-09,-8.337e-09,-8.337e-09,-8e-12,-8e-12,-8.337e-09,4.164e-09,4.164e-09,-8e-12,8.329e-09,1.15416e-06
171,55.201,1.21,-8.337e-09,-8e-12,-8.337e-09,8.329e-09,-8e-12,8.329e-09,4.164e-09,-8e-12,4.164e-09,-4.172e-09,-4.172e-09,8.329e-09,-4.172e-09,-8e-12,-8.337e-09,1.179163e-06
172,55.524,1.22,4.164e-09,4.164e-09,-8e-12,-8e-12,-8e-12,4.164e-09,4.164e-09,-8e-12,-8.337e-09,-4.172e-09,-8.337e-09,-8e-12,4.164e-09,-4.172e-09,-8e-12,1.212494e-06
173,55.846,1.23,-8e-12,-8e-12,4.164e-09,4.164e-09,-8e-12,-4.172e-09,4.164e-09,4.164e-09,-8e-12,8.329e-09,8.329e-09,-8.337e-09,-4.172e-09,4.164e-09,-8e-12,1.24166e-06
174,56.169,1.24,-4.172e-09,4.164e-09,4.164e-09,-4.172e-09,4.164e-09,4.164e-09,4.164e-09,4.164e-09,-8e-12,-8e-12,4.164e-09,4.164e-09,-8e-12,-8e-12,-8e-12,1.270827e-06
175,56.492,1.25,8.329e-09,-8e-12,-8e-12,-4.172e-09,-8e-12,-8e-12,4.164e-09,-4.172e-09,-8e-12,-4.172e-09,4.164e-09,4.164e-09,-8e-12,4.164e-09,4.164e-09,1.295829e-06
176,56.815,1.26,-8.337e-09,-8e-12,4.164e-09,4.164e-09,4.164e-09,-8e-12,4.164e-09,-4.172e-09,-4.172e-09,4.164e-09,8.329e-09,4.164e-09,1.6665e-08,-8.337e-09,-8e-12,1.32916e-06
177,57.138,1.27,-8e-12,8.329e-09,8.329e-09,-8e-12,8.329e-09,4.164e-09,4.164e-09,-8e-12,-8e-12,-8e-12,4.164e-09,4.164e-09,4.164e-09,-8e-12,-4.172e-09,1.366663e-06
178,57.461,1.28,1.2493e-08,-4.172e-09,8.329e-09,4.164e-09,4.164e-09,-8e-12,8.329e-09,4.164e-09,8.329e-09,8.329e-09,8.329e-09,4.164e-09,-8e-12,4.164e-09,-8.337e-09,1.383328e-06
179,57.783,1.29,-8e-12,-8e-12,4.164e-09,8.329e-09,8.329e-09,8.329e-09,-8e-12,8.329e-09,8.329e-09,8.329e-09,4.164e-09,4.164e-09,4.164e-09,-4.172e-09,8.329e-09,1.424996e-06
180,58.106,1.3,4.164e-09,8.329e-09,-4.172e-09,-8e-12,4.164e-09,-8e-12,4.164e-09,4.164e-09,-4.172e-09,1.2493e-08,-8e-12,-4.172e-09,-4.172e-09,8.329e-09,-8e-12,1.458327e-06
181,58.429,1.31,8.329e-09,4.164e-09,8.329e-09,-4.172e-09,4.164e-09,8.329e-09,-8e-12,-8.337e-09,-8e-12,4.164e-09,4.164e-09,4.164e-09,4.164e-09,8.329e-09,8.329e-09,1.491666e-06
182,58.752,1.32,8.329e-09,-8e-12,-4.172e-09,4.164e-09,-8e-12,4.164e-09,-8e-12,4.164e-09,4.164e-09,4.164e-09,8.329e-09,4.164e-09,4.164e-09,4.164e-09,4.164e-09,1.533326e-06
183,59.075,1.33,-8e-12,4.164e-09,-8e-12,-4.172e-09,8.329e-09,-8e-12,4.164e-09,4.164e-09,-4.172e-09,-8e-12,4.164e-09,4.164e-09,-8e-12,1.2493e-08,8.329e-09,1.570829e-06
184,59.397,1.34,-4.172e-09,-4.172e-09,-8e-12,8.329e-09,8.329e-09,8.329e-09,1.2493e-08,8.329e-09,8.329e-09,8.329e-09,-8e-12,4.164e-09,4.164e-09,4.164e-09,-4.172e-09,1.608332e-06
185,59.72,1.35,8.329e-09,4.164e-09,4.164e-09,8.329e-09,4.164e-09,4.164e-09,8.329e-09,4.164e-09,-4.172e-09,-4.172e-09,4.164e-09,4.164e-09,8.329e-09,-8e-12,4.164e-09,1.641663e-06
186,60.043,1.36,8.329e-09,-8e-12,-8e-12,-8e-12,4.164e-09,8.329e-09,8.329e-09,-8e-12,1.2493e-08,-8e-12,-8e-12,4.164e-09,-4.172e-09,8.329e-09,-8e-12,1.683331e-06
187,60.366,1.37,-4.172e-09,4.164e-09,-8e-12,4.164e-09,-8e-12,-8e-12,4.164e-09,-4.172e-09,4.164e-09,4.164e-09,4.164e-09,4.164e-09,4.164e-09,-8e-12,4.164e-09,1.729163e-06
188,60.689,1.38,8.329e-09,8.329e-09,4.164e-09,-8e-12,1.6665e-08,4.164e-09,4.164e-09,8.329e-09,-8e-12,-4.172e-09,1.2493e-08,4.164e-09,4.164e-09,1.2493e-08,-4.172e-09,1.762493e-06
189,61.011,1.39,4.164e-09,4.164e-09,1.2493e-08,4.164e-09,8.329e-09,-4.172e-09,-4.172e-09,-8e-12,-8e-12,4.164e-09,4.164e-09,4.164e-09,-8e-12,-8e-12,8.329e-09,1.816662e-06
190,61.334,1.4,4.164e-09,8.329e-09,4.164e-09,4.164e-09,-8e-12,-4.172e-09,-4.172e-09,-4.172e-09,4.164e-09,8.329e-09,1.2493e-08,1.2493e-08,4.164e-09,4.164e-09,4.164e-09,1.854165e-06
191,61.657,1.41,4.164e-09,8.329e-09,-8e-12,4.164e-09,4.164e-09,4.164e-09,4.164e-09,-8e-12,4.164e-09,-8e-12,-4.172e-09,4.164e-09,8.329e-09,1.2493e-08,-8e-12,1.904162e-06
192,61.98,1.42,-4.172e-09,-8e-12,-4.172e-09,4.164e-09,4.164e-09,-8e-12,-8e-12,8.329e-09,8.329e-09,-8e-12,-4.172e-09,-4.172e-09,-1.2501e-08,4.164e-09,-8e-12,1.945829e-06
193,62.303,1.43,8.329e-09,4.164e-09,4.164e-09,-8e-12,8.329e-09,8.329e-09,-4.172e-09,4.164e-09,4.164e-09,4.164e-09,4.164e-09,-4.172e-09,8.329e-09,8.329e-09,-8e-12,1.966659e-06
194,62.626,1.44,8.329e-09,-8e-12,8.329e-09,4.164e-09,4.164e-09,8.329e-09,4.164e-09,4.164e-09,4.164e-09,-8e-12,4.164e-09,4.164e-09,8.329e-09,4.164e-09,-8e-12,2.029165e-06
195,62.948,1.45,8.329e-09,8.329e-09,4.164e-09,8.329e-09,8.329e-09,-4.172e-09,-4.172e-09,-8e-12,4.164e-09,4.164e-09,-8e-12,4.164e-09,-4.172e-09,4.164e-09,-8e-12,2.074997e-06
196,63.271,1.46,1.2493e-08,1.2493e-08,8.329e-09,8.329e-09,1.6665e-08,4.164e-09,4.164e-09,-8e-12,4.164e-09,-4.172e-09,1.2493e-08,4.164e-09,-8e-12,-8e-12,-4.172e-09,2.116664e-06
197,63.594,1.47,4.164e-09,4.164e-09,4.164e-09,4.164e-09,8.329e-09,4.164e-09,-4.172e-09,-8e-12,4.164e-09,8.329e-09,8.329e-09,4.164e-09,-1.2501e-08,4.164e-09,4.164e-09,2.162496e-06
198,63.917,1.48,4.164e-09,4.164e-09,4.164e-09,4.164e-09,8.329e-09,4.164e-09,-8e-12,4.164e-09,4.164e-09,-8e-12,4.164e-09,8.329e-09,4.164e-09,4.164e-09,4.164e-09,2.204164e-06
199,64.24,1.49,4.164e-09,-8e-12,-8e-12,4.164e-09,4.164e-09,4.164e-09,4.164e-09,8.329e-09,8.329e-09,-8e-12,8.329e-09,4.164e-09,8.329e-09,-8e-12,-8.337e-09,2.249996e-06
200,64.562,1.5,-4.172e-09,4.164e-09,4.164e-09,8.329e-09,4.164e-09,4.164e-09,4.164e-09,-8e-12,8.329e-09,4.164e-09,8.329e-09,-8e-12,8.329e-09,-8e-12,-8e-12,2.287499e-06
201,64.885,1.49,4.164e-09,-8e-12,4.164e-09,-4.172e-09,-8e-12,-8e-12,8.329e-09,-8e-12,-8e-12,-8e-12,-8e-12,1.2493e-08,4.164e-09,4.164e-09,4.164e-09,2.266661e-06
202,65.208,1.48,8.329e-09,4.164e-09,4.164e-09,-4.172e-09,-8e-12,-8e-12,-8e-12,4.164e-09,-8.337e-09,4.164e-09,4.164e-09,4.164e-09,-8e-12,-4.172e-09,1.2493e-08,2.237495e-06
203,65.531,1.47,4.164e-09,-8e-12,4.164e-09,-8e-12,8.329e-09,-4.172e-09,8.329e-09,-8e-12,-8.337e-09,4.164e-09,-8e-12,4.164e-09,-8e-12,-8e-12,4.164e-09,2.204164e-06
204,65.854,1.46,4.164e-09,4.164e-09,-4.172e-09,-8.337e-09,-4.172e-09,8.329e-09,-8.337e-09,4.164e-09,4.164e-09,-4.172e-09,-8e-12,-8e-12,4.164e-09,-8e-12,-8e-12,2.170825e-06
205,66.176,1.45,4.164e-09,-4.172e-09,-4.172e-09,-8e-12,4.164e-09,4.164e-09,-8e-12,1.2493e-08,8.329e-09,8.329e-09,4.164e-09,4.164e-09,4.164e-09,4.164e-09,4.164e-09,2.137494e-06
206,66.499,1.44,1.2493e-08,4.164e-09,4.164e-09,8.329e-09,1.2493e-08,-4.172e-09,4.164e-09,4.164e-09,-8e-12,-8e-12,4.164e-09,8.329e-09,4.164e-09,-8e-12,4.164e-09,2.104163e-06
207,66.822,1.43,8.329e-09,-4.172e-09,4.164e-09,4.164e-09,4.164e-09,8.329e-09,4.164e-09,8.329e-09,4.164e-09,-4.172e-09,8.329e-09,-8e-12,-8e-12,8.329e-09,4.164e-09,2.06666e-06
208,67.145,1.42,-8e-12,-8e-12,-8e-12,4.164e-09,4.164e-09,4.164e-09,4.164e-09,8.329e-09,4.164e-09,-8e-12,-8e-12,-8e-12,4.164e-09,4.164e-09,4.164e-09,2.033329e-06
209,67.468,1.41,4.164e-09,4.164e-09,-8e-12,-8e-12,-4.172e-09,1.6665e-08,-8e-12,-8e-12,4.164e-09,-8.337e-09,-8e-12,-4.172e-09,-8e-12,4.164e-09,-4.172e-09,1.999998e-06
210,67.791,1.4,4.164e-09,4.164e-09,-8e-12,-4.172e-09,4.164e-09,4.164e-09,4.164e-09,-4.172e-09,-8.337e-09,-4.172e-09,4.164e-09,-4.172e-09,-8e-12,8.329e-09,8.329e-09,1.966659e-06
211,68.113,1.39,-8.337e-09,-8e-12,-4.172e-09,-8.337e-09,-8e-12,-8.337e-09,-8e-12,-8e-12,-8e-12,4.164e-09,8.329e-09,8.329e-09,4.164e-09,4.164e-09,4.164e-09,1.937493e-06
212,68.436,1.38,4.164e-09,4.164e-09,4.164e-09,-4.172e-09,4.164e-09,4.164e-09,4.164e-09,4.164e-09,-8e-12,-4.172e-09,8.329e-09,4.164e-09,4.164e-09,4.164e-09,-8e-12,1.899997e-06
213,68.759,1.37,4.164e-09,-4.172e-09,1.6665e-08,-8e-12,-8e-12,-4.172e-09,-8e-12,-4.172e-09,-8e-12,-8e-12,4.164e-09,-8e-12,4.164e-09,4.164e-09,4.164e-09,1.854165e-06
214,69.082,1.36,-8.337e-09,-8e-12,4.164e-09,4.164e-09,-4.172e-09,4.164e-09,-4.172e-09,-8.337e-09,4.164e-09,-8e-12,-8e-12,-8e-12,4.164e-09,4.164e-09,-8e-12,1.816662e-06
215,69.405,1.35,-8e-12,-8e-12,-8e-12,4.164e-09,-8e-12,-4.172e-09,-8.337e-09,-8e-12,-4.172e-09,4.164e-09,4.164e-09,8.329e-09,4.164e-09,-4.172e-09,-8e-12,1.774995e-06
216,69.727,1.34,-8e-12,-8e-12,-8.337e-09,4.164e-09,8.329e-09,-8e-12,-8.337e-09,4.164e-09,8.329e-09,-4.172e-09,4.164e-09,-8.337e-09,-4.172e-09,4.164e-09,-8e-12,1.749992e-06
217,70.05,1.33,4.164e-09,-4.172e-09,4.164e-09,-8.337e-09,-8e-12,4.164e-09,-4.172e-09,-4.172e-09,4.164e-09,-4.172e-09,4.164e-09,-8e-12,4.164e-09,4.164e-09,-8e-12,1.699996e-06
218,70.373,1.32,4.164e-09,-4.172e-09,-8e-12,-8e-12,-8e-12,-8e-12,4.164e-09,4.164e-09,4.164e-09,-8e-12,4.164e-09,4.164e-09,4.164e-09,-4.172e-09,-4.172e-09,1.679158e-06
219,70.696,1.31,-4.172e-09,-8e-12,-8e-12,-8e-12,-8e-12,-8.337e-09,4.164e-09,-8e-12,4.164e-09,4.164e-09,-8e-12,4.164e-09,-8e-12,4.164e-09,4.164e-09,1.645827e-06
220,71.019,1.3,-8e-12,-8e-12,4.164e-09,4.164e-09,-8.337e-09,4.164e-09,-8e-12,-8e-12,-8.337e-09,-8e-12,-8e-12,4.164e-09,4.164e-09,-8.337e-09,-8e-12,1.608332e-06
221,71.341,1.29,4.164e-09,4.164e-09,-8.337e-09,4.164e-09,4.164e-09,4.164e-09,-8e-12,4.164e-09,8.329e-09,-8e-12,-8.337e-09,4.164e-09,-4.172e-09,8.329e-09,-8e-12,1.574993e-06
222,71.664,1.28,-8.337e-09,-4.172e-09,4.164e-09,-8.337e-09,-8e-12,-8e-12,-4.172e-09,-8e-12,4.164e-09,-8e-12,-8e-12,1.6665e-08,-4.172e-09,8.329e-09,-8e-12,1.545827e-06
223,71.987,1.27,4.164e-09,8.329e-09,-1.2501e-08,-4.172e-09,-4.172e-09,-8.337e-09,-8.337e-09,4.164e-09,4.164e-09,-8.337e-09,-8e-12,-8e-12,-8e-12,-8.337e-09,4.164e-09,1.51666e-06
224,72.31,1.26,-8e-12,-8.337e-09,-8e-12,-8e-12,-4.172e-09,-8e-12,-8e-12,-4.172e-09,-8e-12,-4.172e-09,-4.172e-09,4.164e-09,-8e-12,4.164e-09,-8.337e-09,1.474992e-06
225,72.633,1.25,-8e-12,-8e-12,-8.337e-09,-4.172e-09,4.164e-09,-8e-12,4.164e-09,-4.172e-09,-8e-12,-8.337e-09,-4.172e-09,4.164e-09,-8e-12,-8e-12,-4.172e-09,1.445826e-06
226,72.956,1.24,-8e-12,-8e-12,-4.172e-09,-4.172e-09,-8e-12,-8e-12,-8e-12,-8.337e-09,-4.172e-09,4.164e-09,-8e-12,-8e-12,-4.172e-09,4.164e-09,-4.172e-09,1.408331e-06
227,73.278,1.23,-4.172e-09,-8e-12,-8.337e-09,-8e-12,4.164e-09,-4.172e-09,-8e-12,-4.172e-09,-8e-12,-4.172e-09,-8.337e-09,-4.172e-09,-4.172e-09,-4.172e-09,-8.337e-09,1.387493e-06
228,73.601,1.22,4.164e-09,-8e-12,4.164e-09,-4.172e-09,-4.172e-09,-4.172e-09,-4.172e-09,-4.172e-09,-8e-12,4.164e-09,4.164e-09,-8e-12,-8.337e-09,-4.172e-09,-1.2501e-08,1.341661e-06
229,73.924,1.21,-4.172e-09,-8e-12,-8e-12,-4.172e-09,-8e-12,-4.172e-09,-4.172e-09,-1.2501e-08,8.329e-09,-4.172e-09,4.164e-09,-4.172e-09,-4.172e-09,-4.172e-09,4.164e-09,1.316659e-06
230,74.247,1.2,8.329e-09,4.164e-09,-8.337e-09,-8e-12,-4.172e-09,-4.172e-09,-8e-12,-8e-12,-4.172e-09,4.164e-09,-4.172e-09,-8e-12,4.164e-09,-8e-12,-8e-12,1.279163e-06
231,74.57,1.19,4.164e-09,-8e-12,-4.172e-09,-4.172e-09,-4.172e-09,-4.172e-09,4.164e-09,-4.172e-09,-1.2501e-08,-1.2501e-08,4.164e-09,-4.172e-09,-8.337e-09,-8.337e-09,4.164e-09,1.258326e-06
232,74.892,1.18,-8.337e-09,4.164e-09,4.164e-09,-8e-12,-4.172e-09,-4.172e-09,-8.337e-09,-8.337e-09,-4.172e-09,-4.172e-09,-1.2501e-08,-8.337e-09,-4.172e-09,-8.337e-09,-4.172e-09,1.229159e-06
233,75.215,1.17,-8.337e-09,-4.172e-09,-4.172e-09,-4.172e-09,-8e-12,-4.172e-09,4.164e-09,-8e-12,-4.172e-09,-4.172e-09,-1.6673e-08,8.329e-09,-4.172e-09,-4.172e-09,-4.172e-09,1.191664e-06
234,75.538,1.16,-8e-12,-4.172e-09,-1.2501e-08,-4.172e-09,-4.172e-09,-4.172e-09,-8e-12,-4.172e-09,-8.337e-09,4.164e-09,-4.172e-09,-4.172e-09,-4.172e-09,-8e-12,4.164e-09,1.166662e-06
235,75.861,1.15,-1.6673e-08,-1.6673e-08,-8e-12,-4.172e-09,-4.172e-09,-8.337e-09,-8.337e-09,-4.172e-09,-8.337e-09,-8e-12,-8e-12,4.164e-09,-4.172e-09,-1.2501e-08,-8e-12,1.145832e-06
236,76.184,1.14,-4.172e-09,-1.2501e-08,-8e-12,-4.172e-09,-1.2501e-08,-8e-12,-8e-12,-8e-12,-8.337e-09,-8e-12,-4.172e-09,-4.172e-09,-4.172e-09,-4.172e-09,-8.337e-09,1.104164e-06
237,76.506,1.13,-8.337e-09,-8e-12,-1.2501e-08,-1.2501e-08,-4.172e-09,-8e-12,-1.2501e-08,-1.2501e-08,-4.172e-09,-8.337e-09,-8.337e-09,-4.172e-09,-8.337e-09,-4.172e-09,-1.2501e-08,1.074998e-06
238,76.829,1.12,-8.337e-09,-8.337e-09,-1.6673e-08,-4.172e-09,-1.2501e-08,-4.172e-09,-8e-12,-8.337e-09,-1.6673e-08,-4.172e-09,-1.2501e-08,-1.2501e-08,-8.337e-09,-8.337e-09,-1.2501e-08,1.049995e-06
239,77.152,1.11,-4.172e-09,-4.172e-09,-8.337e-09,-8.337e-09,-8.337e-09,-8.337e-09,-8.337e-09,-1.2501e-08,-1.2501e-08,-1.2501e-08,-4.172e-09,-8.337e-09,-1.2501e-08,-4.172e-09,-4.172e-09,1.012492e-06
240,77.475,1.1,-1.6673e-08,-2.0838e-08,-8.337e-09,-4.172e-09,-8.337e-09,-4.172e-09,-8e-12,-8e-12,-4.172e-09,-8.337e-09,-4.172e-09,-8.337e-09,-4.172e-09,-1.2501e-08,-8.337e-09,9.87498e-07
241,77.798,1.09,-1.2501e-08,-8.337e-09,-8.337e-09,-8.337e-09,-4.172e-09,-4.172e-09,-4.172e-09,-1.2501e-08,-1.2501e-08,-8.337e-09,-1.2501e-08,-8.337e-09,-1.2501e-08,-1.2501e-08,-1.6673e-08,9.58331e-07
