Repeat,VAR2,Point,D1__CH1 Voltage,D1__CH1 Current,D1__CH1 Resistance,D1__CH1 Time,D1__CH2 Voltage,D1__CH2 Current,D1__CH2 Resistance,D1__CH2 Time,D2__CH1 Voltage,D2__CH1 Current,D2__CH1 Resistance,D2__CH1 Time,D2__CH2__GATE Voltage,D2__CH2__GATE Current,D2__CH2__GATE Time
1,1,1,100.00000E-003,330.56400E-006,302.51328E+000,81.26700E-003,100.00000E-003,993.10400E-006,100.69439E+000,81.26700E-003,91.72200E-003,1.00000E-003,91.72200E+000,83.33000E-003,-300.00000E-003,-2.27831E-006,83.33000E-003
1,1,2,100.00000E-003,330.53200E-006,302.54257E+000,205.00100E-003,100.00000E-003,991.72400E-006,100.83451E+000,205.00100E-003,91.78900E-003,1.00000E-003,91.78900E+000,202.01700E-003,-292.99900E-003,-1.44029E-006,202.01700E-003
1,1,3,100.00000E-003,330.50700E-006,302.56545E+000,338.80300E-003,100.00000E-003,990.56300E-006,100.95269E+000,338.80300E-003,91.86710E-003,1.00000E-003,91.86710E+000,391.62900E-003,-285.99900E-003,-1.16578E-006,391.62900E-003
1,1,4,100.00000E-003,330.35200E-006,302.70742E+000,514.74100E-003,100.00000E-003,989.64300E-006,101.04654E+000,514.74100E-003,91.96590E-003,1.00000E-003,91.96590E+000,514.67400E-003,-278.99100E-003,-633.90500E-009,514.67400E-003
1,1,5,100.00000E-003,330.29800E-006,302.75690E+000,667.22700E-003,100.00000E-003,987.99700E-006,101.21488E+000,667.22700E-003,92.07540E-003,1.00000E-003,92.07540E+000,698.14300E-003,-271.99600E-003,-560.31100E-009,698.14300E-003
1,1,6,100.00000E-003,330.15000E-006,302.89262E+000,818.99900E-003,100.00000E-003,986.56600E-006,101.36169E+000,818.99900E-003,92.19140E-003,1.00000E-003,92.19140E+000,819.18400E-003,-264.99100E-003,-112.78900E-009,819.18400E-003
1,1,7,99.99990E-003,329.96400E-006,303.06306E+000,945.60600E-003,100.00000E-003,984.95600E-006,101.52738E+000,945.60600E-003,92.32160E-003,1.00000E-003,92.32160E+000,948.17200E-003,-257.99000E-003,148.36700E-009,948.17200E-003
1,1,8,100.00000E-003,329.84600E-006,303.17178E+000,1.06528E+000,100.00000E-003,983.17800E-006,101.71098E+000,1.06528E+000,92.46250E-003,1.00000E-003,92.46250E+000,1.06875E+000,-250.99000E-003,376.83300E-009,1.06875E+000
1,1,9,100.00000E-003,329.93000E-006,303.09460E+000,1.19637E+000,100.00000E-003,981.45600E-006,101.88944E+000,1.19637E+000,92.61490E-003,1.00000E-003,92.61490E+000,1.19899E+000,-243.99000E-003,542.09700E-009,1.19899E+000
1,1,10,100.00000E-003,329.92900E-006,303.09551E+000,1.33395E+000,100.00000E-003,979.57700E-006,102.08488E+000,1.33395E+000,92.77290E-003,1.00000E-003,92.77290E+000,1.33441E+000,-236.99900E-003,681.70000E-009,1.33441E+000
1,1,11,100.00000E-003,329.68300E-006,303.32168E+000,1.46331E+000,100.00000E-003,978.02800E-006,102.24656E+000,1.46331E+000,92.94080E-003,1.00000E-003,92.94080E+000,1.46085E+000,-229.99900E-003,843.27000E-009,1.46085E+000
1,1,12,100.00000E-003,329.44000E-006,303.54541E+000,1.58461E+000,99.99990E-003,975.87400E-006,102.47214E+000,1.58461E+000,93.11330E-003,1.00000E-003,93.11330E+000,1.58156E+000,-222.99900E-003,985.52000E-009,1.58156E+000
1,1,13,100.00000E-003,329.36400E-006,303.61545E+000,1.73762E+000,100.00000E-003,973.96600E-006,102.67299E+000,1.73762E+000,93.28730E-003,1.00000E-003,93.28730E+000,1.70249E+000,-215.99800E-003,1.30713E-006,1.70249E+000
1,1,14,99.99990E-003,329.23000E-006,303.73872E+000,1.87473E+000,100.00000E-003,972.31800E-006,102.84701E+000,1.87473E+000,93.49090E-003,1.00000E-003,93.49090E+000,1.87172E+000,-208.99900E-003,1.10119E-006,1.87172E+000
1,1,15,99.99990E-003,328.97900E-006,303.97047E+000,2.00428E+000,100.00000E-003,970.76500E-006,103.01154E+000,2.00428E+000,93.69300E-003,1.00000E-003,93.69300E+000,2.00146E+000,-201.99890E-003,1.21359E-006,2.00146E+000
1,1,16,99.99990E-003,328.76400E-006,304.16925E+000,2.13826E+000,100.00000E-003,968.87900E-006,103.21206E+000,2.13826E+000,93.90170E-003,1.00000E-003,93.90170E+000,2.13417E+000,-194.99890E-003,1.29434E-006,2.13417E+000
1,1,17,100.00000E-003,328.59500E-006,304.32599E+000,2.26213E+000,100.00000E-003,966.79100E-006,103.43497E+000,2.26213E+000,94.11690E-003,1.00000E-003,94.11690E+000,2.25798E+000,-187.99890E-003,1.39276E-006,2.25798E+000
1,1,18,99.99990E-003,328.34800E-006,304.55462E+000,2.39510E+000,99.99990E-003,964.48200E-006,103.68249E+000,2.39510E+000,94.34270E-003,1.00000E-003,94.34270E+000,2.39254E+000,-180.99890E-003,1.44297E-006,2.39254E+000
1,1,19,100.00000E-003,328.07800E-006,304.80556E+000,2.54846E+000,100.00000E-003,962.37500E-006,103.90960E+000,2.54846E+000,94.58190E-003,1.00000E-003,94.58190E+000,2.54770E+000,-173.99890E-003,1.44327E-006,2.54770E+000
1,1,20,99.99990E-003,327.84300E-006,305.02375E+000,2.68430E+000,99.99990E-003,959.89700E-006,104.17774E+000,2.68430E+000,94.82430E-003,1.00000E-003,94.82430E+000,2.68621E+000,-166.99890E-003,1.47722E-006,2.68621E+000
1,1,21,99.99990E-003,327.66000E-006,305.19410E+000,2.80992E+000,100.00000E-003,957.45800E-006,104.44322E+000,2.80992E+000,95.07050E-003,1.00000E-003,95.07050E+000,2.80804E+000,-159.99890E-003,1.59000E-006,2.80804E+000
1,1,22,99.99990E-003,327.42200E-006,305.41595E+000,2.94498E+000,100.00000E-003,955.06600E-006,104.70481E+000,2.94498E+000,95.33350E-003,1.00000E-003,95.33350E+000,2.94193E+000,-152.99890E-003,1.63053E-006,2.94193E+000
1,1,23,100.00000E-003,327.13000E-006,305.68887E+000,3.09897E+000,100.00000E-003,952.49500E-006,104.98743E+000,3.09897E+000,95.60750E-003,1.00000E-003,95.60750E+000,3.09893E+000,-145.99890E-003,1.61156E-006,3.09893E+000
1,1,24,100.00000E-003,326.93500E-006,305.87120E+000,3.24674E+000,100.00000E-003,949.64300E-006,105.30273E+000,3.24674E+000,95.88720E-003,1.00000E-003,95.88720E+000,3.24949E+000,-138.99890E-003,1.63100E-006,3.24949E+000
1,1,25,100.00000E-003,326.64300E-006,306.14463E+000,3.37978E+000,100.00000E-003,947.04300E-006,105.59183E+000,3.37978E+000,96.17220E-003,1.00000E-003,96.17220E+000,3.37575E+000,-131.99880E-003,1.70918E-006,3.37575E+000
1,1,26,100.00000E-003,326.33000E-006,306.43827E+000,3.50433E+000,100.00000E-003,944.12000E-006,105.91874E+000,3.50433E+000,96.46640E-003,1.00000E-003,96.46640E+000,3.50182E+000,-124.99890E-003,1.76833E-006,3.50182E+000
1,1,27,100.00000E-003,326.10300E-006,306.65158E+000,3.63505E+000,100.00000E-003,941.10900E-006,106.25762E+000,3.63505E+000,96.77280E-003,1.00000E-003,96.77280E+000,3.63134E+000,-117.99890E-003,1.80795E-006,3.63134E+000
1,1,28,99.99990E-003,325.81400E-006,306.92328E+000,3.76406E+000,100.00000E-003,938.33600E-006,106.57163E+000,3.76406E+000,97.09480E-003,1.00000E-003,97.09480E+000,3.76309E+000,-110.99890E-003,1.82811E-006,3.76309E+000
1,1,29,100.00000E-003,325.50400E-006,307.21589E+000,3.90106E+000,100.00000E-003,935.40200E-006,106.90591E+000,3.90106E+000,97.42620E-003,1.00000E-003,97.42620E+000,3.90010E+000,-103.99900E-003,1.85160E-006,3.90010E+000
1,1,30,100.00000E-003,325.17600E-006,307.52577E+000,4.03619E+000,100.00000E-003,932.16100E-006,107.27761E+000,4.03619E+000,97.76630E-003,1.00000E-003,97.76630E+000,4.03320E+000,-96.99890E-003,1.88035E-006,4.03320E+000
1,1,31,99.99990E-003,324.75300E-006,307.92602E+000,4.18209E+000,100.00000E-003,928.88100E-006,107.65642E+000,4.18209E+000,98.14160E-003,1.00000E-003,98.14160E+000,4.19223E+000,-89.99930E-003,1.72584E-006,4.19223E+000
1,1,32,100.00000E-003,324.41200E-006,308.25000E+000,4.32490E+000,100.00000E-003,925.46900E-006,108.05332E+000,4.32490E+000,98.49090E-003,1.00000E-003,98.49090E+000,4.32214E+000,-82.99900E-003,1.87412E-006,4.32214E+000
1,1,33,100.00000E-003,324.14900E-006,308.50010E+000,4.45418E+000,100.00000E-003,922.32900E-006,108.42118E+000,4.45418E+000,98.86520E-003,999.99600E-006,98.86560E+000,4.45329E+000,-75.99900E-003,1.91447E-006,4.45329E+000
1,1,34,100.00000E-003,323.74500E-006,308.88508E+000,4.57461E+000,100.00000E-003,918.66200E-006,108.85396E+000,4.57461E+000,99.23890E-003,999.96700E-006,99.24217E+000,4.57210E+000,-68.99900E-003,1.99012E-006,4.57210E+000
1,1,35,100.00000E-003,323.36500E-006,309.24806E+000,4.69661E+000,100.00000E-003,915.17000E-006,109.26932E+000,4.69661E+000,99.62170E-003,999.78900E-006,99.64272E+000,4.69616E+000,-61.99900E-003,2.01584E-006,4.69616E+000
1,1,36,100.00000E-003,323.02500E-006,309.57356E+000,4.83475E+000,100.00000E-003,911.69300E-006,109.68605E+000,4.83475E+000,99.94630E-003,998.77000E-006,100.06939E+000,4.83183E+000,-54.99890E-003,2.04664E-006,4.83183E+000
1,1,37,100.00000E-003,322.66800E-006,309.91607E+000,4.96822E+000,100.00000E-003,908.32600E-006,110.09263E+000,4.96822E+000,100.00000E-003,994.53000E-006,100.55001E+000,4.96436E+000,-47.99900E-003,2.06625E-006,4.96436E+000
1,1,38,100.00000E-003,322.33700E-006,310.23432E+000,5.09401E+000,100.00000E-003,904.96700E-006,110.50127E+000,5.09401E+000,100.00000E-003,989.58300E-006,101.05267E+000,5.09291E+000,-40.99900E-003,2.09519E-006,5.09291E+000
1,1,39,100.00000E-003,322.03900E-006,310.52140E+000,5.25165E+000,100.00000E-003,901.17100E-006,110.96673E+000,5.25165E+000,100.00000E-003,984.53800E-006,101.57048E+000,5.21909E+000,-33.99900E-003,2.11308E-006,5.21909E+000
1,1,40,100.00000E-003,321.70900E-006,310.83992E+000,5.38396E+000,100.00000E-003,897.73700E-006,111.39120E+000,5.38396E+000,100.00000E-003,979.15500E-006,102.12888E+000,5.38275E+000,-26.99900E-003,2.07118E-006,5.38275E+000
1,1,41,100.00000E-003,321.43700E-006,311.10295E+000,5.52428E+000,100.00000E-003,893.95900E-006,111.86195E+000,5.52428E+000,100.00000E-003,973.83900E-006,102.68638E+000,5.52281E+000,-19.99900E-003,2.09863E-006,5.52281E+000
1,1,42,100.00000E-003,321.05300E-006,311.47505E+000,5.68002E+000,100.00000E-003,890.03300E-006,112.35538E+000,5.68002E+000,100.00000E-003,968.48400E-006,103.25416E+000,5.65198E+000,-12.99890E-003,2.15517E-006,5.65198E+000
1,1,43,100.00000E-003,320.72300E-006,311.79554E+000,5.81796E+000,99.99990E-003,886.20900E-006,112.84009E+000,5.81796E+000,100.00000E-003,962.68900E-006,103.87571E+000,5.81771E+000,-5.99900E-003,2.11024E-006,5.81771E+000
1,1,44,100.00000E-003,320.28600E-006,312.22095E+000,5.95454E+000,100.00000E-003,882.31000E-006,113.33885E+000,5.95454E+000,100.00000E-003,957.05800E-006,104.48688E+000,5.95206E+000,1.00100E-003,2.16170E-006,5.95206E+000
1,1,45,100.00000E-003,319.88900E-006,312.60844E+000,6.08585E+000,100.00000E-003,878.34400E-006,113.85061E+000,6.08585E+000,100.00000E-003,951.31800E-006,105.11732E+000,6.08275E+000,8.00100E-003,2.21000E-006,6.08275E+000
1,1,46,100.00000E-003,319.47200E-006,313.01648E+000,6.21432E+000,100.00000E-003,874.21700E-006,114.38808E+000,6.21432E+000,100.00000E-003,945.44300E-006,105.77052E+000,6.21198E+000,15.00100E-003,2.25577E-006,6.21198E+000
1,1,47,100.00000E-003,319.01200E-006,313.46783E+000,6.33904E+000,100.00000E-003,870.03800E-006,114.93751E+000,6.33904E+000,100.00000E-003,939.48400E-006,106.44141E+000,6.33609E+000,22.00100E-003,2.32511E-006,6.33609E+000
1,1,48,100.00000E-003,318.54600E-006,313.92640E+000,6.47602E+000,100.00000E-003,865.35300E-006,115.55978E+000,6.47602E+000,100.00000E-003,933.25500E-006,107.15185E+000,6.47370E+000,29.00100E-003,2.33122E-006,6.47370E+000
1,1,49,99.99990E-003,318.02100E-006,314.44433E+000,6.61680E+000,100.00000E-003,860.72000E-006,116.18180E+000,6.61680E+000,100.00000E-003,926.88100E-006,107.88871E+000,6.61549E+000,36.00090E-003,2.33921E-006,6.61549E+000
1,1,50,99.99990E-003,317.56800E-006,314.89287E+000,6.78683E+000,100.00000E-003,855.93500E-006,116.83130E+000,6.78683E+000,100.00000E-003,920.15400E-006,108.67746E+000,6.78247E+000,43.00090E-003,2.31012E-006,6.78247E+000
1,1,51,99.99990E-003,317.09700E-006,315.36060E+000,6.91890E+000,99.99990E-003,851.06100E-006,117.50027E+000,6.91890E+000,100.00000E-003,913.65900E-006,109.45002E+000,6.91566E+000,50.00100E-003,2.37768E-006,6.91566E+000
1,1,52,100.00000E-003,316.60800E-006,315.84799E+000,7.04510E+000,100.00000E-003,846.38500E-006,118.14954E+000,7.04510E+000,100.00000E-003,907.01900E-006,110.25127E+000,7.04224E+000,57.00100E-003,2.45097E-006,7.04224E+000
1,1,53,100.00000E-003,315.99900E-006,316.45670E+000,7.16532E+000,100.00000E-003,841.53200E-006,118.83089E+000,7.16532E+000,100.00000E-003,900.29800E-006,111.07433E+000,7.16254E+000,64.00100E-003,2.53530E-006,7.16254E+000
1,1,54,100.00000E-003,315.40700E-006,317.05067E+000,7.29524E+000,100.00000E-003,836.54600E-006,119.53915E+000,7.29524E+000,100.00000E-003,893.33000E-006,111.94072E+000,7.29248E+000,71.00100E-003,2.58348E-006,7.29248E+000
1,1,55,100.00000E-003,314.78700E-006,317.67513E+000,7.42791E+000,100.00000E-003,831.27900E-006,120.29656E+000,7.42791E+000,100.00000E-003,886.17300E-006,112.84478E+000,7.42748E+000,78.00090E-003,2.61305E-006,7.42748E+000
1,1,56,100.00000E-003,314.08700E-006,318.38312E+000,7.56446E+000,100.00000E-003,825.94600E-006,121.07329E+000,7.56446E+000,100.00000E-003,878.86700E-006,113.78286E+000,7.56152E+000,85.00090E-003,2.64314E-006,7.56152E+000
1,1,57,100.00000E-003,313.42600E-006,319.05458E+000,7.70091E+000,100.00000E-003,820.58800E-006,121.86383E+000,7.70091E+000,100.00000E-003,871.20200E-006,114.78394E+000,7.70620E+000,92.00080E-003,2.61781E-006,7.70620E+000
1,1,58,99.99990E-003,312.73000E-006,319.76433E+000,7.82460E+000,100.00000E-003,815.11800E-006,122.68162E+000,7.82460E+000,100.00000E-003,863.89500E-006,115.75481E+000,7.82280E+000,99.00100E-003,2.74254E-006,7.82280E+000
1,1,59,99.99990E-003,311.86200E-006,320.65433E+000,7.96554E+000,100.00000E-003,809.48100E-006,123.53594E+000,7.96554E+000,100.00000E-003,856.10000E-006,116.80878E+000,7.96249E+000,106.00090E-003,2.77336E-006,7.96249E+000
1,1,60,99.99990E-003,311.21300E-006,321.32302E+000,8.09466E+000,100.00000E-003,803.93900E-006,124.38755E+000,8.09466E+000,100.00000E-003,848.26700E-006,117.88741E+000,8.09206E+000,113.00090E-003,2.84121E-006,8.09206E+000
1,1,61,100.00000E-003,310.41100E-006,322.15353E+000,8.22483E+000,100.00000E-003,798.10500E-006,125.29680E+000,8.22483E+000,100.00000E-003,840.28700E-006,119.00696E+000,8.22252E+000,120.00090E-003,2.90936E-006,8.22252E+000
1,1,62,100.00000E-003,309.59600E-006,323.00159E+000,8.34421E+000,100.00000E-003,792.19800E-006,126.23107E+000,8.34421E+000,100.00000E-003,832.30100E-006,120.14884E+000,8.34167E+000,127.00080E-003,3.00080E-006,8.34167E+000
1,1,63,100.00000E-003,308.66900E-006,323.97163E+000,8.47672E+000,100.00000E-003,785.76300E-006,127.26484E+000,8.47672E+000,100.00000E-003,824.02400E-006,121.35569E+000,8.47268E+000,134.00090E-003,3.05748E-006,8.47268E+000
1,1,64,100.00000E-003,307.75300E-006,324.93591E+000,8.60487E+000,100.00000E-003,779.39900E-006,128.30399E+000,8.60487E+000,100.00000E-003,815.59700E-006,122.60957E+000,8.60217E+000,141.00090E-003,3.10762E-006,8.60217E+000
1,1,65,100.00000E-003,306.86800E-006,325.87301E+000,8.73563E+000,100.00000E-003,773.05000E-006,129.35774E+000,8.73563E+000,100.00000E-003,807.36300E-006,123.86002E+000,8.73296E+000,148.00160E-003,3.28610E-006,8.73296E+000
1,1,66,100.00000E-003,305.77900E-006,327.03358E+000,8.85646E+000,100.00000E-003,766.19100E-006,130.51576E+000,8.85646E+000,100.00000E-003,798.47700E-006,125.23842E+000,8.85376E+000,155.00100E-003,3.25518E-006,8.85376E+000
1,1,67,100.00000E-003,304.73000E-006,328.15935E+000,8.99399E+000,100.00000E-003,759.20700E-006,131.71638E+000,8.99399E+000,100.00000E-003,789.34300E-006,126.68764E+000,8.99131E+000,162.00100E-003,3.22319E-006,8.99131E+000
1,1,68,100.00000E-003,303.64000E-006,329.33737E+000,9.12576E+000,100.00000E-003,751.94400E-006,132.98863E+000,9.12576E+000,100.00000E-003,780.24200E-006,128.16536E+000,9.12310E+000,169.00090E-003,3.23334E-006,9.12310E+000
1,1,69,99.99990E-003,302.47300E-006,330.60769E+000,9.28136E+000,100.00000E-003,744.46900E-006,134.32393E+000,9.28136E+000,100.00000E-003,770.62900E-006,129.76413E+000,9.27840E+000,176.00090E-003,3.16638E-006,9.27840E+000
1,1,70,100.00000E-003,301.22900E-006,331.97335E+000,9.40461E+000,100.00000E-003,737.21900E-006,135.64490E+000,9.40461E+000,100.00000E-003,761.33700E-006,131.34788E+000,9.40303E+000,183.00090E-003,3.20806E-006,9.40303E+000
1,1,71,100.00000E-003,299.93400E-006,333.40668E+000,9.53209E+000,100.00000E-003,729.67600E-006,137.04713E+000,9.53209E+000,100.00000E-003,751.82500E-006,133.00968E+000,9.52913E+000,190.00100E-003,3.24035E-006,9.52913E+000
1,1,72,100.00000E-003,298.63600E-006,334.85581E+000,9.65411E+000,100.00000E-003,722.09800E-006,138.48536E+000,9.65411E+000,100.00000E-003,742.19100E-006,134.73621E+000,9.65143E+000,197.00100E-003,3.26229E-006,9.65143E+000
1,1,73,100.00000E-003,297.24200E-006,336.42621E+000,9.81418E+000,100.00000E-003,713.97500E-006,140.06093E+000,9.81418E+000,100.00000E-003,731.81800E-006,136.64600E+000,9.80946E+000,204.00090E-003,3.15246E-006,9.80946E+000
1,1,74,100.00000E-003,295.81600E-006,338.04798E+000,9.94451E+000,100.00000E-003,706.06000E-006,141.63102E+000,9.94451E+000,100.00000E-003,721.67600E-006,138.56634E+000,9.94180E+000,211.00100E-003,3.22546E-006,9.94180E+000
1,1,75,100.00000E-003,294.31700E-006,339.76970E+000,10.07599E+000,100.00000E-003,697.59700E-006,143.34924E+000,10.07599E+000,100.00000E-003,711.48800E-006,140.55051E+000,10.07262E+000,218.00100E-003,3.20462E-006,10.07262E+000
1,1,76,100.00000E-003,292.77300E-006,341.56155E+000,10.22112E+000,100.00000E-003,688.84700E-006,145.17012E+000,10.22112E+000,100.00000E-003,700.67500E-006,142.71952E+000,10.22209E+000,225.00100E-003,3.10580E-006,10.22209E+000
1,1,77,100.00000E-003,291.06300E-006,343.56823E+000,10.37280E+000,100.00000E-003,680.28900E-006,146.99635E+000,10.37280E+000,100.00000E-003,690.11900E-006,144.90255E+000,10.36930E+000,232.00100E-003,3.13535E-006,10.36930E+000
1,1,78,100.00000E-003,289.34200E-006,345.61177E+000,10.50373E+000,100.00000E-003,671.00600E-006,149.02996E+000,10.50373E+000,100.00010E-003,679.43900E-006,147.18039E+000,10.50098E+000,239.00100E-003,3.07791E-006,10.50098E+000
1,1,79,100.00000E-003,287.48900E-006,347.83940E+000,10.63630E+000,100.00000E-003,661.95000E-006,151.06881E+000,10.63630E+000,100.00000E-003,668.64000E-006,149.55731E+000,10.63206E+000,246.00100E-003,3.08168E-006,10.63206E+000
1,1,80,100.00010E-003,285.39100E-006,350.39682E+000,10.78674E+000,100.00000E-003,654.11200E-006,152.87902E+000,10.78674E+000,100.00000E-003,657.57700E-006,152.07345E+000,10.78174E+000,253.00000E-003,3.18388E-006,10.78174E+000
1,1,81,100.00000E-003,283.37800E-006,352.88555E+000,10.91596E+000,100.00000E-003,644.07300E-006,155.26190E+000,10.91596E+000,100.00000E-003,646.60100E-006,154.65488E+000,10.91279E+000,260.00100E-003,3.13120E-006,10.91279E+000
1,1,82,100.00000E-003,281.25600E-006,355.54797E+000,11.04458E+000,100.00000E-003,634.77100E-006,157.53713E+000,11.04458E+000,100.00000E-003,635.55400E-006,157.34304E+000,11.04147E+000,267.00000E-003,3.18864E-006,11.04147E+000
1,1,83,100.00000E-003,279.11400E-006,358.27655E+000,11.18582E+000,100.00010E-003,625.66200E-006,159.83087E+000,11.18582E+000,100.00000E-003,624.40100E-006,160.15349E+000,11.18212E+000,274.00100E-003,3.30150E-006,11.18212E+000
1,1,84,100.00000E-003,276.84300E-006,361.21556E+000,11.30504E+000,100.00000E-003,616.35900E-006,162.24311E+000,11.30504E+000,100.00010E-003,613.36100E-006,163.03629E+000,11.30233E+000,281.00100E-003,3.42112E-006,11.30233E+000
1,1,85,99.99990E-003,274.46600E-006,364.34349E+000,11.42653E+000,100.00000E-003,605.44300E-006,165.16831E+000,11.42653E+000,100.00010E-003,601.88400E-006,166.14514E+000,11.42280E+000,288.00100E-003,3.37525E-006,11.42280E+000
1,1,86,100.00000E-003,271.83600E-006,367.86886E+000,11.55517E+000,100.00000E-003,593.36700E-006,168.52976E+000,11.55517E+000,100.00000E-003,589.69300E-006,169.57976E+000,11.55227E+000,295.00100E-003,3.15286E-006,11.55227E+000
1,1,87,100.00000E-003,269.19000E-006,371.48482E+000,11.68609E+000,100.00000E-003,582.84100E-006,171.57338E+000,11.68609E+000,100.00010E-003,577.95800E-006,173.02313E+000,11.68188E+000,302.00100E-003,3.19835E-006,11.68188E+000
1,1,88,100.00000E-003,266.46800E-006,375.27958E+000,11.81667E+000,100.00000E-003,572.23200E-006,174.75430E+000,11.81667E+000,100.00000E-003,566.26800E-006,176.59483E+000,11.81135E+000,309.00100E-003,3.27862E-006,11.81135E+000
1,1,89,100.00000E-003,263.57500E-006,379.39865E+000,11.94675E+000,100.00000E-003,561.45600E-006,178.10835E+000,11.94675E+000,100.00000E-003,554.45000E-006,180.35891E+000,11.94207E+000,316.00000E-003,3.35125E-006,11.94207E+000
1,1,90,99.99990E-003,260.64800E-006,383.65880E+000,12.07372E+000,100.00000E-003,550.72000E-006,181.58048E+000,12.07372E+000,100.00000E-003,542.67900E-006,184.27100E+000,12.07102E+000,323.00100E-003,3.46024E-006,12.07102E+000
1,1,91,100.00000E-003,257.48000E-006,388.37968E+000,12.23432E+000,100.00000E-003,539.44200E-006,185.37674E+000,12.23432E+000,100.00000E-003,530.26800E-006,188.58389E+000,12.22828E+000,330.00000E-003,3.46790E-006,12.22828E+000
1,1,92,100.00000E-003,254.42100E-006,393.04932E+000,12.35484E+000,100.00000E-003,528.64000E-006,189.16465E+000,12.35484E+000,100.00000E-003,518.78300E-006,192.75882E+000,12.35206E+000,337.00000E-003,3.68691E-006,12.35206E+000
1,1,93,99.99990E-003,251.13100E-006,398.19815E+000,12.47518E+000,100.00000E-003,517.67500E-006,193.17139E+000,12.47518E+000,100.00000E-003,507.17400E-006,197.17099E+000,12.47226E+000,344.00100E-003,3.87903E-006,12.47226E+000
1,1,94,100.00000E-003,247.80900E-006,403.53659E+000,12.59473E+000,100.00000E-003,506.58400E-006,197.40063E+000,12.59473E+000,100.00000E-003,495.58800E-006,201.78051E+000,12.59276E+000,351.00000E-003,4.08394E-006,12.59276E+000
1,1,95,99.99990E-003,244.22900E-006,409.45138E+000,12.73450E+000,100.00000E-003,495.20000E-006,201.93861E+000,12.73450E+000,100.00000E-003,483.52600E-006,206.81411E+000,12.73360E+000,358.00000E-003,4.23355E-006,12.73360E+000
1,1,96,99.99990E-003,240.73000E-006,415.40273E+000,12.85635E+000,100.00000E-003,484.07000E-006,206.58169E+000,12.85635E+000,100.00000E-003,472.31600E-006,211.72266E+000,12.85221E+000,365.00100E-003,4.54663E-006,12.85221E+000
1,1,97,100.00000E-003,237.00400E-006,421.93381E+000,12.99994E+000,100.00000E-003,472.55300E-006,211.61647E+000,12.99994E+000,100.00000E-003,460.17800E-006,217.30722E+000,12.99602E+000,372.00000E-003,4.69843E-006,12.99602E+000
1,1,98,100.00000E-003,233.24400E-006,428.73557E+000,13.12440E+000,99.99990E-003,461.25800E-006,216.79819E+000,13.12440E+000,100.00000E-003,448.59300E-006,222.91922E+000,13.12141E+000,379.00000E-003,4.96703E-006,13.12141E+000
1,1,99,100.00000E-003,229.37800E-006,435.96160E+000,13.24622E+000,99.99990E-003,449.91400E-006,222.26448E+000,13.24622E+000,100.00000E-003,437.08400E-006,228.78897E+000,13.24310E+000,386.00000E-003,5.25020E-006,13.24310E+000
1,1,100,100.00000E-003,225.41200E-006,443.63210E+000,13.37508E+000,100.00000E-003,438.62100E-006,227.98726E+000,13.37508E+000,100.00000E-003,425.50000E-006,235.01763E+000,13.37480E+000,393.00000E-003,5.52900E-006,13.37480E+000
1,1,101,99.99990E-003,221.36000E-006,451.75235E+000,13.51669E+000,100.00000E-003,427.16800E-006,234.09993E+000,13.51669E+000,100.00000E-003,413.96400E-006,241.56690E+000,13.51311E+000,400.00000E-003,5.82364E-006,13.51311E+000
1,1,102,99.99990E-003,217.19800E-006,460.40894E+000,13.64411E+000,100.00000E-003,415.84500E-006,240.47422E+000,13.64411E+000,100.00000E-003,402.52300E-006,248.43301E+000,13.64134E+000,407.00000E-003,6.13939E-006,13.64134E+000
1,1,103,100.00000E-003,212.93800E-006,469.62027E+000,13.82067E+000,100.00000E-003,404.26100E-006,247.36494E+000,13.82067E+000,100.00000E-003,390.76300E-006,255.90959E+000,13.81150E+000,414.00100E-003,6.40838E-006,13.81150E+000
1,1,104,100.00000E-003,208.69800E-006,479.16128E+000,13.95386E+000,100.00010E-003,393.09900E-006,254.38910E+000,13.95386E+000,100.00000E-003,379.41500E-006,263.56364E+000,13.95453E+000,421.00100E-003,6.74991E-006,13.95453E+000
1,1,105,100.00000E-003,204.44700E-006,489.12432E+000,14.08671E+000,100.00010E-003,381.89600E-006,261.85166E+000,14.08671E+000,100.00000E-003,368.28500E-006,271.52884E+000,14.08673E+000,428.00000E-003,7.12011E-006,14.08673E+000
1,1,106,100.00000E-003,200.00700E-006,499.98250E+000,14.24475E+000,100.00000E-003,370.54100E-006,269.87567E+000,14.24475E+000,100.00000E-003,356.84100E-006,280.23686E+000,14.24143E+000,435.00000E-003,7.41837E-006,14.24143E+000
1,1,107,100.00000E-003,195.68600E-006,511.02276E+000,14.36589E+000,100.00000E-003,359.78500E-006,277.94377E+000,14.36589E+000,100.00000E-003,346.12200E-006,288.91547E+000,14.36610E+000,442.00100E-003,7.87444E-006,14.36610E+000
1,1,108,100.00000E-003,191.27100E-006,522.81841E+000,14.49414E+000,100.00000E-003,348.94500E-006,286.57811E+000,14.49414E+000,100.00000E-003,335.27400E-006,298.26351E+000,14.49720E+000,449.00000E-003,8.28568E-006,14.49720E+000
1,1,109,100.00000E-003,186.85300E-006,535.18006E+000,14.62448E+000,100.00000E-003,338.20400E-006,295.67953E+000,14.62448E+000,100.00000E-003,324.63300E-006,308.04016E+000,14.62491E+000,456.00100E-003,8.73070E-006,14.62491E+000
1,1,110,100.00000E-003,182.45000E-006,548.09537E+000,14.74427E+000,100.00010E-003,327.62200E-006,305.23011E+000,14.74427E+000,100.00000E-003,314.16900E-006,318.30002E+000,14.74142E+000,463.00000E-003,9.19050E-006,14.74142E+000
1,1,111,100.00000E-003,178.06700E-006,561.58637E+000,14.87511E+000,100.00000E-003,317.26000E-006,315.19889E+000,14.87511E+000,100.00010E-003,303.71200E-006,329.25963E+000,14.87323E+000,470.00100E-003,9.64020E-006,14.87323E+000
1,1,112,100.00000E-003,173.71200E-006,575.66547E+000,14.99412E+000,100.00000E-003,307.07700E-006,325.65122E+000,14.99412E+000,100.00000E-003,293.53200E-006,340.67836E+000,14.99176E+000,477.00000E-003,10.12410E-006,14.99176E+000
1,1,113,100.00000E-003,169.39900E-006,590.32226E+000,15.12523E+000,100.00000E-003,297.04300E-006,336.65160E+000,15.12523E+000,100.00000E-003,283.39100E-006,352.86936E+000,15.12224E+000,484.00100E-003,10.60970E-006,15.12224E+000
1,1,114,99.99990E-003,165.15300E-006,605.49854E+000,15.25404E+000,100.00000E-003,287.25100E-006,348.12760E+000,15.25404E+000,100.00010E-003,273.44800E-006,365.70061E+000,15.25151E+000,491.00000E-003,11.09140E-006,15.25151E+000
1,1,115,100.00000E-003,160.99200E-006,621.14888E+000,15.37596E+000,100.00000E-003,277.72200E-006,360.07230E+000,15.37596E+000,100.00000E-003,263.75100E-006,379.14548E+000,15.37217E+000,498.00000E-003,11.60570E-006,15.37217E+000
1,1,116,100.00000E-003,156.93700E-006,637.19837E+000,15.50378E+000,100.00000E-003,268.46200E-006,372.49220E+000,15.50378E+000,100.00000E-003,254.16900E-006,393.43901E+000,15.50149E+000,505.00100E-003,12.11630E-006,15.50149E+000
1,1,117,100.00000E-003,153.01200E-006,653.54351E+000,15.62416E+000,100.00000E-003,259.57400E-006,385.24660E+000,15.62416E+000,100.00000E-003,244.89200E-006,408.34327E+000,15.62099E+000,512.00000E-003,12.66260E-006,15.62099E+000
1,1,118,100.00000E-003,149.22600E-006,670.12451E+000,15.75433E+000,100.00000E-003,250.93200E-006,398.51434E+000,15.75433E+000,100.00000E-003,235.74000E-006,424.19615E+000,15.75153E+000,519.00000E-003,13.19540E-006,15.75153E+000
1,1,119,100.00000E-003,145.63000E-006,686.67170E+000,15.87538E+000,100.00000E-003,242.69700E-006,412.03641E+000,15.87538E+000,100.00000E-003,226.91300E-006,440.69754E+000,15.87215E+000,526.00100E-003,13.76510E-006,15.87215E+000
1,1,120,100.00000E-003,142.19600E-006,703.25466E+000,16.00595E+000,100.00000E-003,234.79500E-006,425.90345E+000,16.00595E+000,100.00000E-003,218.24200E-006,458.20694E+000,16.00310E+000,533.00100E-003,14.32200E-006,16.00310E+000
1,1,121,100.00000E-003,138.96200E-006,719.62119E+000,16.13498E+000,100.00000E-003,227.30200E-006,439.94334E+000,16.13498E+000,100.00000E-003,209.85600E-006,476.51723E+000,16.13301E+000,540.00000E-003,14.89370E-006,16.13301E+000
1,1,122,100.00000E-003,135.98000E-006,735.40227E+000,16.25471E+000,100.00000E-003,220.27000E-006,453.98829E+000,16.25471E+000,100.00000E-003,201.85100E-006,495.41493E+000,16.25205E+000,547.00100E-003,15.51290E-006,16.25205E+000
1,1,123,100.00000E-003,133.26800E-006,750.36768E+000,16.37514E+000,100.00000E-003,213.69900E-006,467.94791E+000,16.37514E+000,100.00000E-003,194.12000E-006,515.14527E+000,16.37237E+000,554.00100E-003,16.13090E-006,16.37237E+000
1,1,124,100.00000E-003,130.79500E-006,764.55522E+000,16.49439E+000,100.00000E-003,207.58500E-006,481.73038E+000,16.49439E+000,100.00000E-003,186.68900E-006,535.65020E+000,16.49253E+000,561.00000E-003,16.76550E-006,16.49253E+000
1,1,125,100.00000E-003,128.59100E-006,777.65940E+000,16.62574E+000,100.00000E-003,201.90200E-006,495.28979E+000,16.62574E+000,100.00000E-003,179.51200E-006,557.06582E+000,16.62175E+000,568.00000E-003,17.38960E-006,16.62175E+000
1,1,126,100.00000E-003,126.69700E-006,789.28467E+000,16.75433E+000,100.00000E-003,196.77300E-006,508.19980E+000,16.75433E+000,100.00000E-003,172.70000E-006,579.03880E+000,16.75139E+000,575.00000E-003,18.03170E-006,16.75139E+000
1,1,127,100.00000E-003,125.10100E-006,799.35412E+000,16.88894E+000,100.00000E-003,192.14500E-006,520.44029E+000,16.88894E+000,100.00000E-003,166.22200E-006,601.60508E+000,16.88632E+000,582.00000E-003,18.67670E-006,16.88632E+000
1,1,128,100.00000E-003,123.81600E-006,807.65006E+000,17.01383E+000,100.00000E-003,188.09600E-006,531.64342E+000,17.01383E+000,100.00000E-003,160.18500E-006,624.27818E+000,17.01114E+000,589.00000E-003,19.35730E-006,17.01114E+000
1,1,129,100.00000E-003,122.87300E-006,813.84845E+000,17.13676E+000,100.00000E-003,184.59100E-006,541.73822E+000,17.13676E+000,100.00000E-003,154.56900E-006,646.96026E+000,17.13239E+000,596.00100E-003,20.05930E-006,17.13239E+000
1,1,130,100.00000E-003,122.24600E-006,818.02268E+000,17.26407E+000,100.00000E-003,181.66200E-006,550.47286E+000,17.26407E+000,100.00000E-003,149.31200E-006,669.73853E+000,17.26121E+000,603.00100E-003,20.75550E-006,17.26121E+000
1,1,131,100.00000E-003,121.95000E-006,820.00820E+000,17.38636E+000,100.00000E-003,179.32100E-006,557.65917E+000,17.38636E+000,100.00000E-003,144.53800E-006,691.85958E+000,17.38210E+000,610.00000E-003,21.48740E-006,17.38210E+000
1,1,132,100.00000E-003,121.97900E-006,819.81325E+000,17.52479E+000,99.99990E-003,177.52300E-006,563.30673E+000,17.52479E+000,100.00000E-003,140.10300E-006,713.76059E+000,17.52233E+000,617.00000E-003,22.17540E-006,17.52233E+000
1,1,133,100.00000E-003,122.32500E-006,817.49438E+000,17.65498E+000,100.00000E-003,176.33100E-006,567.11525E+000,17.65498E+000,100.00000E-003,136.20300E-006,734.19822E+000,17.65159E+000,624.00000E-003,22.91500E-006,17.65159E+000
1,1,134,100.00000E-003,123.02000E-006,812.87596E+000,17.81225E+000,100.00000E-003,175.71500E-006,569.10338E+000,17.81225E+000,100.00000E-003,132.66400E-006,753.78400E+000,17.81306E+000,631.00000E-003,23.58280E-006,17.81306E+000
1,1,135,100.00000E-003,123.97400E-006,806.62074E+000,17.93520E+000,100.00000E-003,175.69700E-006,569.16168E+000,17.93520E+000,100.00000E-003,129.77000E-006,770.59413E+000,17.93127E+000,638.00000E-003,24.38300E-006,17.93127E+000
1,1,136,100.00000E-003,125.22200E-006,798.58172E+000,18.06402E+000,100.00000E-003,176.23000E-006,567.44028E+000,18.06402E+000,100.00000E-003,127.31900E-006,785.42873E+000,18.06213E+000,645.00000E-003,25.15230E-006,18.06213E+000
1,1,137,100.00000E-003,126.77300E-006,788.81150E+000,18.19829E+000,100.00000E-003,177.33900E-006,563.89176E+000,18.19829E+000,100.00000E-003,125.35600E-006,797.72807E+000,18.19779E+000,652.00000E-003,25.92160E-006,18.19779E+000
1,1,138,100.00000E-003,128.57300E-006,777.76827E+000,18.33440E+000,99.99990E-003,179.03800E-006,558.54009E+000,18.33440E+000,100.00000E-003,123.89300E-006,807.14810E+000,18.33232E+000,659.00000E-003,26.70600E-006,18.33232E+000
1,1,139,100.00000E-003,130.61400E-006,765.61471E+000,18.46449E+000,100.00000E-003,181.22600E-006,551.79720E+000,18.46449E+000,99.99990E-003,122.94000E-006,813.40410E+000,18.46184E+000,666.00000E-003,27.51350E-006,18.46184E+000
1,1,140,99.99990E-003,132.88600E-006,752.52397E+000,18.59467E+000,100.00000E-003,183.92500E-006,543.69988E+000,18.59467E+000,100.00000E-003,122.47500E-006,816.49316E+000,18.59202E+000,673.00000E-003,28.32850E-006,18.59202E+000
1,1,141,100.00000E-003,135.51800E-006,737.90936E+000,18.75961E+000,100.00000E-003,187.26200E-006,534.01117E+000,18.75961E+000,100.00000E-003,122.54500E-006,816.02677E+000,18.75596E+000,680.00000E-003,29.00950E-006,18.75596E+000
1,1,142,100.00000E-003,138.14000E-006,723.90329E+000,18.88447E+000,100.00000E-003,190.88100E-006,523.88661E+000,18.88447E+000,100.00000E-003,123.04000E-006,812.74382E+000,18.88155E+000,687.00000E-003,29.90480E-006,18.88155E+000
1,1,143,100.00000E-003,140.97300E-006,709.35569E+000,19.01644E+000,100.00000E-003,195.00700E-006,512.80210E+000,19.01644E+000,100.00000E-003,124.03100E-006,806.25005E+000,19.01326E+000,694.00000E-003,30.75030E-006,19.01326E+000
1,1,144,100.00000E-003,143.93200E-006,694.77253E+000,19.14529E+000,100.00000E-003,199.52800E-006,501.18279E+000,19.14529E+000,99.99990E-003,125.47300E-006,796.98341E+000,19.14279E+000,701.00000E-003,31.60700E-006,19.14279E+000
1,1,145,99.99990E-003,147.08400E-006,679.88292E+000,19.27647E+000,99.99990E-003,204.45300E-006,489.10948E+000,19.27647E+000,99.99990E-003,127.36800E-006,785.12578E+000,19.27294E+000,708.00000E-003,32.47060E-006,19.27294E+000
1,1,146,100.00000E-003,150.30900E-006,665.29616E+000,19.40393E+000,100.00000E-003,209.73500E-006,476.79214E+000,19.40393E+000,99.99990E-003,129.69000E-006,771.06870E+000,19.40248E+000,715.00000E-003,33.34380E-006,19.40248E+000
1,1,147,100.00000E-003,153.59700E-006,651.05438E+000,19.52481E+000,99.99990E-003,215.31000E-006,464.44615E+000,19.52481E+000,100.00000E-003,132.39400E-006,755.32124E+000,19.52223E+000,722.00000E-003,34.24060E-006,19.52223E+000
1,1,148,100.00000E-003,156.99200E-006,636.97513E+000,19.65402E+000,100.00000E-003,221.25100E-006,451.97536E+000,19.65402E+000,100.00000E-003,135.53900E-006,737.79503E+000,19.65140E+000,729.00000E-003,35.11960E-006,19.65140E+000
1,1,149,100.00000E-003,160.25900E-006,623.98992E+000,19.78783E+000,99.99990E-003,227.17400E-006,440.19078E+000,19.78783E+000,100.00000E-003,139.15400E-006,718.62828E+000,19.80885E+000,736.00100E-003,35.97400E-006,19.80885E+000
1,1,150,100.00000E-003,164.03900E-006,609.61113E+000,19.93431E+000,100.00000E-003,234.15500E-006,427.06754E+000,19.93431E+000,99.99990E-003,143.08200E-006,698.89923E+000,19.93242E+000,743.00000E-003,36.84490E-006,19.93242E+000
1,1,151,100.00000E-003,167.51100E-006,596.97572E+000,20.05485E+000,100.00000E-003,240.85300E-006,415.19101E+000,20.05485E+000,100.00000E-003,147.26600E-006,679.04336E+000,20.05195E+000,750.00000E-003,37.76950E-006,20.05195E+000
1,1,152,100.00000E-003,170.99700E-006,584.80558E+000,20.17488E+000,99.99990E-003,247.73900E-006,403.65021E+000,20.17488E+000,100.00000E-003,151.77000E-006,658.89174E+000,20.17197E+000,757.00000E-003,38.69240E-006,20.17197E+000
1,1,153,100.00000E-003,174.81800E-006,572.02348E+000,20.33758E+000,100.00000E-003,255.30500E-006,391.68837E+000,20.33758E+000,100.00000E-003,156.82500E-006,637.65344E+000,20.32296E+000,764.00000E-003,39.52160E-006,20.32296E+000
1,1,154,100.00000E-003,178.29400E-006,560.87137E+000,20.46460E+000,100.00000E-003,262.59500E-006,380.81456E+000,20.46460E+000,99.99990E-003,162.05600E-006,617.07003E+000,20.46172E+000,771.00000E-003,40.40270E-006,20.46172E+000
1,1,155,99.99990E-003,181.82200E-006,549.98790E+000,20.59609E+000,99.99990E-003,270.13100E-006,370.19039E+000,20.59609E+000,100.00000E-003,167.48700E-006,597.06126E+000,20.59230E+000,778.00100E-003,41.31470E-006,20.59230E+000
1,1,156,100.00000E-003,185.35900E-006,539.49363E+000,20.73403E+000,100.00000E-003,277.83700E-006,359.92326E+000,20.73403E+000,100.00000E-003,173.63100E-006,575.93402E+000,20.76279E+000,785.00000E-003,42.05020E-006,20.76279E+000
1,1,157,99.99990E-003,189.00200E-006,529.09440E+000,20.89853E+000,100.00000E-003,285.99000E-006,349.66258E+000,20.89853E+000,99.99990E-003,179.46300E-006,557.21737E+000,20.89794E+000,792.00100E-003,43.02040E-006,20.89794E+000
1,1,158,99.99990E-003,192.39700E-006,519.75810E+000,21.03421E+000,99.99990E-003,293.88000E-006,340.27460E+000,21.03421E+000,100.00000E-003,185.54700E-006,538.94701E+000,21.03177E+000,799.00100E-003,43.92330E-006,21.03177E+000
1,1,159,100.00000E-003,195.68500E-006,511.02537E+000,21.16528E+000,100.00000E-003,301.76500E-006,331.38369E+000,21.16528E+000,100.00000E-003,191.77200E-006,521.45256E+000,21.16396E+000,806.00100E-003,44.83580E-006,21.16396E+000
1,1,160,100.00000E-003,198.92100E-006,502.71213E+000,21.28476E+000,100.00000E-003,309.57200E-006,323.02663E+000,21.28476E+000,100.00000E-003,198.00700E-006,505.03265E+000,21.28167E+000,813.00100E-003,45.80980E-006,21.28167E+000
1,1,161,100.00000E-003,202.07400E-006,494.86822E+000,21.40665E+000,99.99990E-003,317.42500E-006,315.03473E+000,21.40665E+000,100.00000E-003,204.37200E-006,489.30382E+000,21.40335E+000,820.00100E-003,46.75050E-006,21.40335E+000
1,1,162,100.00000E-003,205.22100E-006,487.27957E+000,21.53468E+000,100.00000E-003,325.33800E-006,307.37264E+000,21.53468E+000,100.00000E-003,210.90200E-006,474.15387E+000,21.53159E+000,827.00100E-003,47.64690E-006,21.53159E+000
1,1,163,99.99990E-003,208.33300E-006,480.00029E+000,21.66398E+000,99.99990E-003,333.31000E-006,300.02070E+000,21.66398E+000,100.00000E-003,217.60100E-006,459.55671E+000,21.66255E+000,834.00100E-003,48.55860E-006,21.66255E+000
1,1,164,99.99990E-003,211.30900E-006,473.24014E+000,21.78654E+000,100.00000E-003,341.14900E-006,293.12705E+000,21.78654E+000,99.99990E-003,224.18000E-006,446.06968E+000,21.78124E+000,841.00100E-003,49.50450E-006,21.78124E+000
1,1,165,100.00000E-003,214.24500E-006,466.75535E+000,21.91906E+000,99.99990E-003,349.06400E-006,286.48013E+000,21.91906E+000,100.00000E-003,231.03200E-006,432.84047E+000,21.91552E+000,848.00100E-003,50.38490E-006,21.91552E+000
1,1,166,99.99990E-003,217.16500E-006,460.47890E+000,22.05462E+000,100.00000E-003,357.04200E-006,280.07909E+000,22.05462E+000,99.99990E-003,237.97300E-006,420.21532E+000,22.05156E+000,855.00100E-003,51.26840E-006,22.05156E+000
1,1,167,100.00000E-003,219.98200E-006,454.58265E+000,22.18687E+000,100.00000E-003,364.93200E-006,274.02365E+000,22.18687E+000,99.99990E-003,244.86700E-006,408.38455E+000,22.18337E+000,862.00000E-003,52.16400E-006,22.18337E+000
1,1,168,100.00000E-003,222.89700E-006,448.63771E+000,22.35054E+000,99.99990E-003,373.19800E-006,267.95401E+000,22.35054E+000,100.00000E-003,252.08200E-006,396.69631E+000,22.33726E+000,869.00100E-003,52.97040E-006,22.33726E+000
1,1,169,99.99990E-003,225.46900E-006,443.51951E+000,22.47584E+000,100.00000E-003,380.76500E-006,262.62918E+000,22.47584E+000,100.00000E-003,259.04900E-006,386.02735E+000,22.47244E+000,876.00100E-003,53.85440E-006,22.47244E+000
1,1,170,100.00000E-003,228.07000E-006,438.46188E+000,22.60493E+000,100.00000E-003,388.41400E-006,257.45725E+000,22.60493E+000,100.00000E-003,265.93900E-006,376.02608E+000,22.60203E+000,883.00100E-003,54.75500E-006,22.60203E+000
1,1,171,100.00000E-003,230.61500E-006,433.62314E+000,22.73384E+000,99.99990E-003,395.98800E-006,252.53265E+000,22.73384E+000,99.99990E-003,272.83700E-006,366.51884E+000,22.73144E+000,890.00100E-003,55.64530E-006,22.73144E+000
1,1,172,100.00000E-003,233.12000E-006,428.96362E+000,22.86817E+000,100.00000E-003,403.57600E-006,247.78480E+000,22.86817E+000,100.00000E-003,279.76100E-006,357.44796E+000,22.86294E+000,897.00100E-003,56.53080E-006,22.86294E+000
1,1,173,100.00000E-003,235.46200E-006,424.69698E+000,22.99644E+000,99.99990E-003,411.01200E-006,243.30166E+000,22.99644E+000,100.00000E-003,286.66700E-006,348.83680E+000,22.99306E+000,904.00100E-003,57.40770E-006,22.99306E+000
1,1,174,100.00000E-003,237.82200E-006,420.48255E+000,23.13482E+000,99.99990E-003,418.50400E-006,238.94610E+000,23.13482E+000,99.99990E-003,293.67700E-006,340.50981E+000,23.13171E+000,911.00100E-003,58.24350E-006,23.13171E+000
1,1,175,100.00010E-003,240.33700E-006,416.08283E+000,23.28807E+000,99.99990E-003,426.17900E-006,234.64296E+000,23.28807E+000,99.99990E-003,300.81800E-006,332.42658E+000,23.27911E+000,918.00000E-003,59.00530E-006,23.27911E+000
1,1,176,100.00000E-003,242.56100E-006,412.26743E+000,23.42455E+000,100.00000E-003,433.47300E-006,230.69488E+000,23.42455E+000,99.99990E-003,307.90700E-006,324.77306E+000,23.42438E+000,925.00100E-003,59.86940E-006,23.42438E+000
1,1,177,100.00000E-003,244.85300E-006,408.40831E+000,23.57751E+000,100.00000E-003,440.96000E-006,226.77794E+000,23.57751E+000,100.00000E-003,315.01900E-006,317.44117E+000,23.57449E+000,932.00100E-003,60.65450E-006,23.57449E+000
1,1,178,99.99990E-003,246.93200E-006,404.96938E+000,23.70387E+000,99.99990E-003,447.89600E-006,223.26589E+000,23.70387E+000,99.99990E-003,321.67300E-006,310.87440E+000,23.70089E+000,939.00100E-003,61.51770E-006,23.70089E+000
1,1,179,100.00000E-003,249.10900E-006,401.43070E+000,23.86175E+000,100.00000E-003,455.27000E-006,219.64988E+000,23.86175E+000,99.99990E-003,328.84800E-006,304.09156E+000,23.85860E+000,946.00100E-003,62.25710E-006,23.85860E+000
1,1,180,99.99990E-003,251.15200E-006,398.16486E+000,23.99440E+000,99.99990E-003,462.14900E-006,216.38022E+000,23.99440E+000,100.00000E-003,335.58600E-006,297.98621E+000,23.99135E+000,953.00100E-003,63.09830E-006,23.99135E+000
1,1,181,100.00000E-003,253.12900E-006,395.05549E+000,24.12654E+000,99.99990E-003,468.94600E-006,213.24396E+000,24.12654E+000,100.00000E-003,342.25900E-006,292.17639E+000,24.12209E+000,960.00100E-003,63.93740E-006,24.12209E+000
1,1,182,100.00000E-003,255.27000E-006,391.74208E+000,24.28986E+000,100.00000E-003,476.22700E-006,209.98389E+000,24.28986E+000,99.99990E-003,349.42500E-006,286.18416E+000,24.27728E+000,967.00100E-003,64.61200E-006,24.27728E+000
1,1,183,100.00000E-003,257.19900E-006,388.80400E+000,24.42752E+000,100.00000E-003,482.86700E-006,207.09636E+000,24.42752E+000,99.99990E-003,356.21200E-006,280.73142E+000,24.42454E+000,974.00100E-003,65.40720E-006,24.42454E+000
1,1,184,100.00000E-003,259.01100E-006,386.08399E+000,24.56533E+000,100.00000E-003,489.51200E-006,204.28508E+000,24.56533E+000,100.00000E-003,362.89600E-006,275.56104E+000,24.56209E+000,981.00100E-003,66.20480E-006,24.56209E+000
1,1,185,100.00000E-003,260.75000E-006,383.50911E+000,24.69627E+000,100.00000E-003,496.01100E-006,201.60843E+000,24.69627E+000,100.00000E-003,369.40900E-006,270.70266E+000,24.69122E+000,988.00100E-003,67.02200E-006,24.69122E+000
1,1,186,99.99990E-003,262.60600E-006,380.79823E+000,24.85486E+000,100.00000E-003,502.84500E-006,198.86844E+000,24.85486E+000,99.99990E-003,376.33000E-006,265.72397E+000,24.84538E+000,995.00100E-003,67.71380E-006,24.84538E+000
1,1,187,100.00000E-003,264.29500E-006,378.36508E+000,24.98748E+000,99.99990E-003,509.22800E-006,196.37549E+000,24.98748E+000,99.99990E-003,382.96300E-006,261.12157E+000,24.98422E+000,1.00200E+000,68.47540E-006,24.98422E+000
1,1,188,100.00000E-003,267.00700E-006,374.52202E+000,25.39050E+000,100.00000E-003,519.41100E-006,192.52576E+000,25.39050E+000,100.00000E-003,393.58400E-006,254.07537E+000,25.38687E+000,1.00900E+000,68.19240E-006,25.38687E+000
1,1,189,100.00000E-003,268.44300E-006,372.51856E+000,25.51751E+000,99.99990E-003,525.25300E-006,190.38425E+000,25.51751E+000,100.00000E-003,399.74300E-006,250.16073E+000,25.51457E+000,1.01600E+000,69.06710E-006,25.51457E+000
1,1,190,99.99990E-003,269.88700E-006,370.52507E+000,25.65402E+000,100.00000E-003,531.28100E-006,188.22431E+000,25.65402E+000,100.00000E-003,406.05500E-006,246.27206E+000,25.65106E+000,1.02300E+000,69.84460E-006,25.65106E+000
1,1,191,99.99990E-003,271.48500E-006,368.34411E+000,25.80106E+000,99.99990E-003,537.47400E-006,186.05533E+000,25.80106E+000,100.00000E-003,412.45400E-006,242.45128E+000,25.78843E+000,1.03000E+000,70.59560E-006,25.78843E+000
1,1,192,100.00000E-003,272.89800E-006,366.43728E+000,25.94094E+000,100.00000E-003,543.52300E-006,183.98485E+000,25.94094E+000,100.00000E-003,418.94400E-006,238.69539E+000,25.93615E+000,1.03700E+000,71.31070E-006,25.93615E+000
1,1,193,100.00000E-003,274.25800E-006,364.62018E+000,26.07827E+000,100.00000E-003,549.45900E-006,181.99720E+000,26.07827E+000,99.99990E-003,425.27800E-006,235.14007E+000,26.07496E+000,1.04400E+000,72.04600E-006,26.07496E+000
1,1,194,100.00000E-003,275.60100E-006,362.84339E+000,26.21471E+000,100.00000E-003,555.33900E-006,180.07019E+000,26.21471E+000,99.99990E-003,431.58300E-006,231.70491E+000,26.21169E+000,1.05100E+000,72.76790E-006,26.21169E+000
1,1,195,100.00000E-003,277.17500E-006,360.78290E+000,26.37309E+000,99.99990E-003,561.53300E-006,178.08375E+000,26.37309E+000,99.99990E-003,438.38400E-006,228.11029E+000,26.37460E+000,1.05800E+000,73.35090E-006,26.37460E+000
1,1,196,100.00000E-003,278.41600E-006,359.17476E+000,26.50423E+000,99.99990E-003,567.21500E-006,176.29982E+000,26.50423E+000,100.00000E-003,444.45400E-006,224.99516E+000,26.50130E+000,1.06500E+000,74.11640E-006,26.50130E+000
1,1,197,99.99990E-003,279.59700E-006,357.65727E+000,26.62571E+000,99.99990E-003,572.74300E-006,174.59821E+000,26.62571E+000,100.00000E-003,450.46300E-006,221.99382E+000,26.62186E+000,1.07200E+000,74.86720E-006,26.62186E+000
1,1,198,100.00000E-003,280.82500E-006,356.09365E+000,26.75376E+000,100.00000E-003,578.40600E-006,172.88894E+000,26.75376E+000,100.00000E-003,457.56300E-006,218.54914E+000,26.79046E+000,1.07900E+000,75.30630E-006,26.79046E+000
1,1,199,100.00000E-003,282.16700E-006,354.40005E+000,26.93047E+000,100.00000E-003,584.69900E-006,171.02817E+000,26.93047E+000,100.00000E-003,463.83400E-006,215.59437E+000,26.93286E+000,1.08600E+000,75.99930E-006,26.93286E+000
1,1,200,99.99990E-003,283.36100E-006,352.90636E+000,27.06434E+000,99.99990E-003,590.29100E-006,169.40780E+000,27.06434E+000,99.99990E-003,469.90900E-006,212.80695E+000,27.06114E+000,1.09300E+000,76.67400E-006,27.06114E+000
1,1,201,99.99990E-003,284.52700E-006,351.46014E+000,27.19511E+000,99.99990E-003,595.79700E-006,167.84223E+000,27.19511E+000,99.99990E-003,476.11300E-006,210.03396E+000,27.19186E+000,1.10000E+000,77.34230E-006,27.19186E+000
1,1,202,100.00000E-003,285.11900E-006,350.73075E+000,27.35862E+000,100.00000E-003,598.69500E-006,167.02996E+000,27.35862E+000,99.99990E-003,479.49700E-006,208.55167E+000,27.35403E+000,1.10000E+000,76.37290E-006,27.35403E+000
1,1,203,99.99980E-003,284.95400E-006,350.93313E+000,27.48868E+000,100.00000E-003,597.41900E-006,167.38671E+000,27.48868E+000,100.00000E-003,478.35000E-006,209.05195E+000,27.48554E+000,1.09300E+000,74.38170E-006,27.48554E+000
1,1,204,100.00010E-003,284.63200E-006,351.33119E+000,27.61366E+000,100.00000E-003,595.57100E-006,167.90609E+000,27.61366E+000,100.00000E-003,476.42800E-006,209.89530E+000,27.61221E+000,1.08600E+000,72.65470E-006,27.61221E+000
1,1,205,100.00000E-003,284.28800E-006,351.75597E+000,27.74589E+000,100.00000E-003,593.57000E-006,168.47213E+000,27.74589E+000,100.00000E-003,474.15400E-006,210.90194E+000,27.74329E+000,1.07900E+000,71.04070E-006,27.74329E+000
1,1,206,99.99990E-003,283.87000E-006,352.27358E+000,27.87649E+000,99.99990E-003,591.17900E-006,169.15334E+000,27.87649E+000,100.00000E-003,471.55700E-006,212.06344E+000,27.87278E+000,1.07200E+000,69.56440E-006,27.87278E+000
1,1,207,100.00000E-003,283.33500E-006,352.93910E+000,28.00351E+000,100.00000E-003,588.50900E-006,169.92094E+000,28.00351E+000,100.00000E-003,468.62800E-006,213.38887E+000,27.99897E+000,1.06500E+000,68.15080E-006,27.99897E+000
1,1,208,99.99990E-003,282.83300E-006,353.56518E+000,28.12599E+000,100.00000E-003,585.63900E-006,170.75366E+000,28.12599E+000,99.99990E-003,465.41000E-006,214.86410E+000,28.12295E+000,1.05800E+000,66.81540E-006,28.12295E+000
1,1,209,100.00000E-003,282.32000E-006,354.20799E+000,28.30490E+000,100.00000E-003,582.74200E-006,171.60253E+000,28.30490E+000,100.00000E-003,462.15000E-006,216.37996E+000,28.29782E+000,1.05100E+000,65.55330E-006,28.29782E+000
1,1,210,100.00000E-003,281.76900E-006,354.90065E+000,28.42778E+000,100.00000E-003,579.59600E-006,172.53397E+000,28.42778E+000,100.00000E-003,458.65400E-006,218.02928E+000,28.42432E+000,1.04400E+000,64.23180E-006,28.42432E+000
1,1,211,100.00000E-003,281.09400E-006,355.75288E+000,28.55737E+000,100.00000E-003,576.23800E-006,173.53941E+000,28.55737E+000,100.00000E-003,454.89800E-006,219.82950E+000,28.55426E+000,1.03700E+000,63.01790E-006,28.55426E+000
1,1,212,100.00000E-003,280.33900E-006,356.71098E+000,28.67697E+000,100.00000E-003,572.56800E-006,174.65174E+000,28.67697E+000,100.00000E-003,450.90300E-006,221.77719E+000,28.67398E+000,1.03000E+000,61.85100E-006,28.67398E+000
1,1,213,99.99990E-003,279.72400E-006,357.49489E+000,28.81955E+000,100.00000E-003,569.33700E-006,175.64290E+000,28.81955E+000,100.00000E-003,446.93900E-006,223.74418E+000,28.85864E+000,1.02300E+000,60.70450E-006,28.85864E+000
1,1,214,99.99990E-003,278.82300E-006,358.65011E+000,28.97651E+000,100.00000E-003,565.14000E-006,176.94731E+000,28.97651E+000,100.00000E-003,442.65300E-006,225.91059E+000,28.97383E+000,1.01600E+000,59.58410E-006,28.97383E+000
1,1,215,100.00000E-003,277.96000E-006,359.76399E+000,29.10716E+000,99.99990E-003,561.08200E-006,178.22689E+000,29.10716E+000,100.00000E-003,438.20100E-006,228.20578E+000,29.10320E+000,1.00900E+000,58.50330E-006,29.10320E+000
1,1,216,100.00000E-003,277.11000E-006,360.86753E+000,29.23645E+000,100.00000E-003,556.81100E-006,179.59415E+000,29.23645E+000,100.00000E-003,433.61600E-006,230.61880E+000,29.23296E+000,1.00200E+000,57.46660E-006,29.23296E+000
1,1,217,99.99990E-003,276.20000E-006,362.05612E+000,29.37789E+000,100.00000E-003,552.64700E-006,180.94733E+000,29.37789E+000,100.00010E-003,428.90500E-006,233.15210E+000,29.37910E+000,994.99900E-003,56.42530E-006,29.37910E+000
1,1,218,100.00000E-003,275.25400E-006,363.30081E+000,29.49995E+000,100.00000E-003,548.13000E-006,182.43847E+000,29.49995E+000,100.00000E-003,424.07400E-006,235.80790E+000,29.49671E+000,987.99900E-003,55.39540E-006,29.49671E+000
1,1,219,99.99990E-003,274.22000E-006,364.67034E+000,29.64019E+000,100.00000E-003,543.51400E-006,183.98790E+000,29.64019E+000,100.00000E-003,419.06000E-006,238.62931E+000,29.63481E+000,980.99900E-003,54.40530E-006,29.63481E+000
1,1,220,100.00000E-003,273.16900E-006,366.07375E+000,29.76593E+000,100.00000E-003,538.71500E-006,185.62691E+000,29.76593E+000,100.00000E-003,413.77000E-006,241.68016E+000,29.79886E+000,973.99900E-003,53.52110E-006,29.79886E+000
1,1,221,100.00000E-003,272.05400E-006,367.57408E+000,29.92260E+000,99.99990E-003,533.87500E-006,187.30958E+000,29.92260E+000,100.00000E-003,408.74100E-006,244.65370E+000,29.91984E+000,966.99900E-003,52.48170E-006,29.91984E+000
1,1,222,100.00000E-003,270.93700E-006,369.08949E+000,30.05058E+000,100.00000E-003,528.84300E-006,189.09204E+000,30.05058E+000,100.00000E-003,403.41200E-006,247.88554E+000,30.04595E+000,959.99900E-003,51.52580E-006,30.04595E+000
1,1,223,99.99990E-003,269.74200E-006,370.72425E+000,30.18012E+000,100.00000E-003,523.66900E-006,190.96032E+000,30.18012E+000,100.00000E-003,397.93800E-006,251.29543E+000,30.17578E+000,952.99900E-003,50.57250E-006,30.17578E+000
1,1,224,100.00000E-003,268.51800E-006,372.41451E+000,30.31057E+000,100.00000E-003,518.37000E-006,192.91240E+000,30.31057E+000,100.00000E-003,392.36100E-006,254.86733E+000,30.30357E+000,945.99900E-003,49.65900E-006,30.30357E+000
1,1,225,99.99990E-003,267.24300E-006,374.19090E+000,30.46304E+000,100.00000E-003,512.97600E-006,194.94089E+000,30.46304E+000,100.00000E-003,386.63200E-006,258.64388E+000,30.46129E+000,938.99900E-003,48.77120E-006,30.46129E+000
1,1,226,100.00000E-003,265.93900E-006,376.02608E+000,30.58937E+000,100.00000E-003,507.47100E-006,197.05560E+000,30.58937E+000,100.00000E-003,380.85000E-006,262.57057E+000,30.58627E+000,931.99900E-003,47.85370E-006,30.58627E+000
1,1,227,100.00000E-003,264.56200E-006,377.98323E+000,30.73040E+000,100.00000E-003,501.73500E-006,199.30840E+000,30.73040E+000,100.00000E-003,374.90100E-006,266.73709E+000,30.72595E+000,924.99900E-003,46.97040E-006,30.72595E+000
1,1,228,99.99990E-003,263.15200E-006,380.00813E+000,30.88540E+000,99.99990E-003,495.94800E-006,201.63384E+000,30.88540E+000,100.00000E-003,368.89200E-006,271.08205E+000,30.88234E+000,917.99900E-003,46.11990E-006,30.88234E+000
1,1,229,99.99990E-003,261.66500E-006,382.16766E+000,31.01461E+000,100.00000E-003,490.06600E-006,204.05415E+000,31.01461E+000,100.00000E-003,362.80200E-006,275.63244E+000,31.01148E+000,910.99900E-003,45.23510E-006,31.01148E+000
1,1,230,100.00010E-003,260.12500E-006,384.43095E+000,31.14832E+000,100.00000E-003,484.02400E-006,206.60133E+000,31.14832E+000,100.00000E-003,356.56900E-006,280.45063E+000,31.14608E+000,903.99900E-003,44.37430E-006,31.14608E+000
1,1,231,100.00000E-003,258.46300E-006,386.90257E+000,31.31739E+000,100.00000E-003,477.65300E-006,209.35700E+000,31.31739E+000,100.00000E-003,350.08800E-006,285.64247E+000,31.30532E+000,896.99900E-003,43.59040E-006,31.30532E+000
1,1,232,99.99990E-003,256.81500E-006,389.38497E+000,31.44564E+000,100.00000E-003,471.35700E-006,212.15342E+000,31.44564E+000,100.00000E-003,343.77000E-006,290.89217E+000,31.44739E+000,889.99900E-003,42.69480E-006,31.44739E+000
1,1,233,100.00000E-003,255.10200E-006,392.00006E+000,31.56674E+000,100.00000E-003,464.86100E-006,215.11807E+000,31.56674E+000,99.99990E-003,337.34600E-006,296.43126E+000,31.56358E+000,882.99900E-003,41.83040E-006,31.56358E+000
1,1,234,100.00000E-003,253.28800E-006,394.80749E+000,31.70020E+000,100.00000E-003,458.27600E-006,218.20911E+000,31.70020E+000,100.00000E-003,330.74400E-006,302.34864E+000,31.69692E+000,875.99900E-003,41.00320E-006,31.69692E+000
1,1,235,100.00000E-003,251.40500E-006,397.76456E+000,31.88035E+000,100.00000E-003,451.32400E-006,221.57031E+000,31.88035E+000,99.99990E-003,323.91100E-006,308.72647E+000,31.86894E+000,868.99900E-003,40.21520E-006,31.86894E+000
1,1,236,99.99990E-003,249.52600E-006,400.75944E+000,32.02360E+000,100.00000E-003,444.45200E-006,224.99618E+000,32.02360E+000,100.00000E-003,317.15000E-006,315.30821E+000,32.02017E+000,861.99900E-003,39.39670E-006,32.02017E+000
1,1,237,99.99990E-003,247.56800E-006,403.92902E+000,32.15784E+000,100.00000E-003,437.47700E-006,228.58345E+000,32.15784E+000,100.00000E-003,310.31500E-006,322.25319E+000,32.15456E+000,854.99900E-003,38.56930E-006,32.15456E+000
1,1,238,100.00000E-003,245.37900E-006,407.53284E+000,32.31966E+000,100.00000E-003,430.08000E-006,232.51488E+000,32.31966E+000,100.00000E-003,303.19700E-006,329.81857E+000,32.30944E+000,848.00000E-003,37.82590E-006,32.30944E+000
1,1,239,99.99990E-003,243.29300E-006,411.02662E+000,32.46299E+000,100.00000E-003,422.87900E-006,236.47426E+000,32.46299E+000,99.99990E-003,296.32300E-006,337.46925E+000,32.46177E+000,840.99900E-003,36.99820E-006,32.46177E+000
1,1,240,100.00000E-003,241.05600E-006,414.84136E+000,32.58971E+000,100.00000E-003,415.44300E-006,240.70691E+000,32.58971E+000,100.00000E-003,289.36900E-006,345.57952E+000,32.58616E+000,833.99900E-003,36.18800E-006,32.58616E+000
1,1,241,100.00000E-003,238.74700E-006,418.85343E+000,32.72995E+000,100.00000E-003,407.81300E-006,245.21043E+000,32.72995E+000,100.00000E-003,282.28200E-006,354.25567E+000,32.72535E+000,826.99900E-003,35.39620E-006,32.72535E+000
1,1,242,100.00000E-003,236.31000E-006,423.17295E+000,32.88639E+000,100.00000E-003,399.96500E-006,250.02188E+000,32.88639E+000,100.00000E-003,275.09700E-006,363.50814E+000,32.87653E+000,819.99900E-003,34.62500E-006,32.87653E+000
1,1,243,100.00000E-003,233.83400E-006,427.65381E+000,33.01999E+000,99.99990E-003,392.15700E-006,254.99966E+000,33.01999E+000,100.00000E-003,267.92700E-006,373.23599E+000,33.01681E+000,812.99900E-003,33.85190E-006,33.01681E+000
1,1,244,99.99990E-003,231.23400E-006,432.46192E+000,33.15863E+000,100.00010E-003,384.15300E-006,260.31321E+000,33.15863E+000,99.99990E-003,260.72900E-006,383.53961E+000,33.15477E+000,805.99900E-003,33.07850E-006,33.15477E+000
1,1,245,100.00000E-003,228.44900E-006,437.73446E+000,33.32856E+000,100.00000E-003,375.78600E-006,266.10890E+000,33.32856E+000,100.00000E-003,253.26800E-006,394.83867E+000,33.31718E+000,799.00000E-003,32.40020E-006,33.31718E+000
1,1,246,100.00000E-003,225.74300E-006,442.98162E+000,33.45356E+000,100.00000E-003,367.77900E-006,271.90242E+000,33.45356E+000,100.00000E-003,246.23100E-006,406.12271E+000,33.45385E+000,791.99900E-003,31.56850E-006,33.45385E+000
1,1,247,100.00000E-003,222.86400E-006,448.70414E+000,33.57822E+000,100.00000E-003,359.43800E-006,278.21210E+000,33.57822E+000,100.00000E-003,239.04500E-006,418.33128E+000,33.57640E+000,784.99900E-003,30.79540E-006,33.57640E+000
1,1,248,99.99990E-003,219.87100E-006,454.81169E+000,33.69962E+000,100.00000E-003,350.99000E-006,284.90840E+000,33.69962E+000,100.00000E-003,231.89900E-006,431.22221E+000,33.69622E+000,777.99900E-003,30.01670E-006,33.69622E+000
1,1,249,100.00000E-003,216.74500E-006,461.37166E+000,33.82882E+000,100.00000E-003,342.38000E-006,292.07314E+000,33.82882E+000,100.00000E-003,224.73400E-006,444.97050E+000,33.82228E+000,770.99900E-003,29.27300E-006,33.82228E+000
1,1,250,100.00000E-003,213.54900E-006,468.27660E+000,33.95551E+000,100.00000E-003,333.81500E-006,299.56713E+000,33.95551E+000,100.00000E-003,217.64200E-006,459.47014E+000,33.95373E+000,763.99900E-003,28.53120E-006,33.95373E+000
1,1,251,100.00000E-003,210.20800E-006,475.71929E+000,34.07576E+000,100.00000E-003,325.13200E-006,307.56739E+000,34.07576E+000,100.00000E-003,210.64700E-006,474.72786E+000,34.07267E+000,756.99900E-003,27.79340E-006,34.07267E+000
1,1,252,100.00000E-003,206.77900E-006,483.60810E+000,34.20897E+000,100.00000E-003,316.41600E-006,316.03964E+000,34.20897E+000,100.00000E-003,203.71500E-006,490.88187E+000,34.20788E+000,749.99900E-003,27.07120E-006,34.20788E+000
1,1,253,100.00000E-003,203.12800E-006,492.30042E+000,34.38882E+000,100.00010E-003,307.49700E-006,325.20675E+000,34.38882E+000,100.00000E-003,196.84600E-006,508.01134E+000,34.37597E+000,742.99900E-003,26.38410E-006,34.37597E+000
1,1,254,100.00000E-003,199.52300E-006,501.19535E+000,34.52329E+000,100.00000E-003,298.83900E-006,334.62835E+000,34.52329E+000,100.00000E-003,190.21100E-006,525.73195E+000,34.52267E+000,735.99900E-003,25.67290E-006,34.52267E+000
1,1,255,100.00000E-003,195.77900E-006,510.78001E+000,34.66035E+000,100.00000E-003,290.13000E-006,344.67308E+000,34.66035E+000,100.00000E-003,183.77100E-006,544.15550E+000,34.65665E+000,728.99900E-003,24.95360E-006,34.65665E+000
1,1,256,100.00000E-003,191.80900E-006,521.35197E+000,34.82550E+000,100.00000E-003,281.28600E-006,355.51005E+000,34.82550E+000,99.99990E-003,177.31300E-006,563.97388E+000,34.81870E+000,721.99900E-003,24.32680E-006,34.81870E+000
1,1,257,100.00000E-003,187.94600E-006,532.06772E+000,34.94863E+000,100.00000E-003,272.83800E-006,366.51786E+000,34.94863E+000,100.00000E-003,171.38900E-006,583.46802E+000,34.94588E+000,714.99900E-003,23.55340E-006,34.94588E+000
1,1,258,100.00000E-003,183.94600E-006,543.63781E+000,35.07042E+000,100.00000E-003,264.39000E-006,378.22913E+000,35.07042E+000,99.99990E-003,165.62200E-006,603.78392E+000,35.06702E+000,707.99900E-003,22.83740E-006,35.06702E+000
1,1,259,100.00000E-003,179.87600E-006,555.93854E+000,35.19537E+000,100.00000E-003,256.10600E-006,390.46332E+000,35.19537E+000,100.00000E-003,160.08900E-006,624.65254E+000,35.19407E+000,700.99900E-003,22.14760E-006,35.19407E+000
1,1,260,100.00000E-003,175.68800E-006,569.19084E+000,35.32716E+000,100.00000E-003,247.86800E-006,403.44054E+000,35.32716E+000,100.00000E-003,154.83900E-006,645.83212E+000,35.31899E+000,693.99900E-003,21.47350E-006,35.31899E+000
1,1,261,100.00000E-003,171.50900E-006,583.05978E+000,35.46997E+000,100.00000E-003,239.97100E-006,416.71702E+000,35.46997E+000,100.00000E-003,149.94800E-006,666.89786E+000,35.46541E+000,686.99900E-003,20.79730E-006,35.46541E+000
1,1,262,100.00000E-003,167.30600E-006,597.70720E+000,35.59795E+000,100.00000E-003,232.30700E-006,430.46486E+000,35.59795E+000,100.00000E-003,145.41300E-006,687.69642E+000,35.59466E+000,679.99900E-003,20.11910E-006,35.59466E+000
1,1,263,100.00000E-003,163.10200E-006,613.11327E+000,35.73586E+000,100.00000E-003,224.91200E-006,444.61834E+000,35.73586E+000,100.00000E-003,141.23400E-006,708.04481E+000,35.73317E+000,672.99900E-003,19.45980E-006,35.73317E+000
1,1,264,100.00000E-003,158.87400E-006,629.42961E+000,35.89206E+000,100.00000E-003,217.79500E-006,459.14736E+000,35.89206E+000,99.99990E-003,137.44500E-006,727.56303E+000,35.88735E+000,665.99900E-003,18.81920E-006,35.88735E+000
1,1,265,100.00000E-003,154.78000E-006,646.07830E+000,36.01625E+000,100.00000E-003,211.13800E-006,473.62389E+000,36.01625E+000,100.00000E-003,134.13100E-006,745.53981E+000,36.01301E+000,658.99900E-003,18.15890E-006,36.01301E+000
1,1,266,100.00000E-003,150.75400E-006,663.33232E+000,36.14625E+000,100.00000E-003,204.86100E-006,488.13586E+000,36.14625E+000,100.00000E-003,131.24800E-006,761.91637E+000,36.14309E+000,651.99900E-003,17.51120E-006,36.14309E+000
1,1,267,100.00000E-003,146.89200E-006,680.77227E+000,36.27628E+000,100.00000E-003,199.06900E-006,502.33839E+000,36.27628E+000,100.00000E-003,128.84500E-006,776.12635E+000,36.27361E+000,644.99900E-003,16.88170E-006,36.27361E+000
1,1,268,100.00000E-003,143.16600E-006,698.48986E+000,36.42637E+000,100.00000E-003,193.74400E-006,516.14502E+000,36.42637E+000,100.00000E-003,126.91500E-006,787.92893E+000,36.42270E+000,637.99900E-003,16.27220E-006,36.42270E+000
1,1,269,100.00000E-003,139.69400E-006,715.85036E+000,36.54605E+000,99.99990E-003,188.99600E-006,529.11120E+000,36.54605E+000,100.00000E-003,125.51600E-006,796.71118E+000,36.54387E+000,630.99900E-003,15.64330E-006,36.54387E+000
1,1,270,100.00000E-003,136.46300E-006,732.79937E+000,36.66699E+000,100.00000E-003,184.78600E-006,541.16654E+000,36.66699E+000,100.00000E-003,124.63000E-006,802.37503E+000,36.66326E+000,623.99900E-003,15.02930E-006,36.66326E+000
1,1,271,100.00000E-003,133.53100E-006,748.88977E+000,36.79559E+000,100.00000E-003,181.19500E-006,551.89161E+000,36.79559E+000,100.00000E-003,124.22700E-006,804.97798E+000,36.82651E+000,616.99900E-003,14.54090E-006,36.82651E+000
1,1,272,100.00000E-003,130.90500E-006,763.91276E+000,36.95908E+000,100.00000E-003,178.20100E-006,561.16408E+000,36.95908E+000,99.99990E-003,124.42800E-006,803.67683E+000,36.95564E+000,609.99900E-003,13.88460E-006,36.95564E+000
1,1,273,100.00000E-003,128.68900E-006,777.06719E+000,37.09584E+000,100.00000E-003,175.92800E-006,568.41435E+000,37.09584E+000,100.00000E-003,125.15400E-006,799.01561E+000,37.09258E+000,602.99900E-003,13.30670E-006,37.09258E+000
1,1,274,99.99990E-003,126.88500E-006,788.11443E+000,37.22814E+000,100.00000E-003,174.31600E-006,573.67080E+000,37.22814E+000,100.00000E-003,126.42400E-006,790.98905E+000,37.22426E+000,595.99900E-003,12.74020E-006,37.22426E+000
1,1,275,100.00000E-003,125.47600E-006,796.96516E+000,37.40022E+000,100.00000E-003,173.37700E-006,576.77777E+000,37.40022E+000,100.00000E-003,128.22700E-006,779.86695E+000,37.38786E+000,588.99900E-003,12.21370E-006,37.38786E+000
1,1,276,100.00000E-003,124.57000E-006,802.76150E+000,37.52759E+000,100.00000E-003,173.20000E-006,577.36721E+000,37.52759E+000,100.00000E-003,130.57900E-006,765.81993E+000,37.52484E+000,581.99900E-003,11.67000E-006,37.52484E+000
1,1,277,100.00000E-003,124.11200E-006,805.72386E+000,37.66598E+000,100.00000E-003,173.73500E-006,575.58926E+000,37.66598E+000,100.00000E-003,133.45200E-006,749.33309E+000,37.66267E+000,574.99900E-003,11.14310E-006,37.66267E+000
1,1,278,100.00000E-003,124.12900E-006,805.61351E+000,37.79613E+000,100.00000E-003,174.98200E-006,571.48735E+000,37.79613E+000,99.99990E-003,136.94400E-006,730.22476E+000,37.83013E+000,568.00000E-003,10.73630E-006,37.83013E+000
1,1,279,100.00000E-003,124.62700E-006,802.39434E+000,37.94989E+000,100.00000E-003,176.92400E-006,565.21444E+000,37.94989E+000,100.00000E-003,140.78900E-006,710.28276E+000,37.94530E+000,560.99900E-003,10.13830E-006,37.94530E+000
1,1,280,99.99990E-003,125.58000E-006,796.30435E+000,38.07850E+000,100.00000E-003,179.58000E-006,556.85488E+000,38.07850E+000,100.00000E-003,145.20100E-006,688.70049E+000,38.07518E+000,553.99900E-003,9.64200E-006,38.07518E+000
1,1,281,100.00000E-003,126.98500E-006,787.49459E+000,38.21578E+000,99.99990E-003,182.92000E-006,546.68653E+000,38.21578E+000,99.99990E-003,150.11600E-006,666.15084E+000,38.21266E+000,546.99900E-003,9.17040E-006,38.21266E+000
1,1,282,100.00000E-003,128.82500E-006,776.24685E+000,38.34745E+000,100.00000E-003,186.92000E-006,534.98823E+000,38.34745E+000,100.00000E-003,155.52700E-006,642.97517E+000,38.34638E+000,539.99900E-003,8.71648E-006,38.34638E+000
1,1,283,100.00000E-003,131.05100E-006,763.06171E+000,38.47501E+000,99.99990E-003,191.55300E-006,522.04821E+000,38.47501E+000,100.00000E-003,161.34900E-006,619.77453E+000,38.47167E+000,532.99900E-003,8.24299E-006,38.47167E+000
1,1,284,100.00000E-003,133.67300E-006,748.09423E+000,38.59783E+000,100.00000E-003,196.80600E-006,508.11459E+000,38.59783E+000,100.00000E-003,167.67600E-006,596.38827E+000,38.59464E+000,525.99900E-003,7.81192E-006,38.59464E+000
1,1,285,100.00000E-003,136.64900E-006,731.80192E+000,38.73559E+000,100.00000E-003,202.67100E-006,493.41050E+000,38.73559E+000,100.00000E-003,174.47200E-006,573.15787E+000,38.73378E+000,518.99900E-003,7.40640E-006,38.73378E+000
1,1,286,99.99990E-003,139.83400E-006,715.13294E+000,38.85648E+000,99.99990E-003,208.92200E-006,478.64705E+000,38.85648E+000,100.00000E-003,181.29500E-006,551.58719E+000,38.85338E+000,511.99800E-003,6.83074E-006,38.85338E+000
1,1,287,100.00000E-003,143.52300E-006,696.75244E+000,38.99213E+000,100.00000E-003,216.12500E-006,462.69520E+000,38.99213E+000,100.00000E-003,189.26600E-006,528.35692E+000,38.98838E+000,504.99900E-003,6.58833E-006,38.98838E+000
1,1,288,100.00010E-003,147.37400E-006,678.54642E+000,39.11701E+000,100.00000E-003,223.64200E-006,447.14320E+000,39.11701E+000,100.00000E-003,197.29500E-006,506.85522E+000,39.11347E+000,497.99900E-003,6.21054E-006,39.11347E+000
1,1,289,100.00000E-003,151.45200E-006,660.27520E+000,39.24676E+000,100.00000E-003,231.67100E-006,431.64660E+000,39.24676E+000,100.00000E-003,205.74100E-006,486.04799E+000,39.24351E+000,490.99900E-003,5.84792E-006,39.24351E+000
1,1,290,100.00000E-003,155.68700E-006,642.31439E+000,39.40554E+000,100.00000E-003,240.15400E-006,416.39948E+000,39.40554E+000,99.99990E-003,214.67800E-006,465.81345E+000,39.41294E+000,483.99900E-003,5.52556E-006,39.41294E+000
1,1,291,100.00000E-003,160.20400E-006,624.20414E+000,39.54867E+000,100.00000E-003,249.27500E-006,401.16337E+000,39.54867E+000,100.00000E-003,223.84500E-006,446.73770E+000,39.54454E+000,476.99900E-003,5.17589E-006,39.54454E+000
1,1,292,100.00000E-003,164.77700E-006,606.88081E+000,39.67816E+000,100.00000E-003,258.72700E-006,386.50779E+000,39.67816E+000,99.99990E-003,233.37600E-006,428.49265E+000,39.67516E+000,469.99900E-003,4.84590E-006,39.67516E+000
1,1,293,100.00000E-003,169.60200E-006,589.61569E+000,39.84493E+000,100.00000E-003,268.86000E-006,371.94079E+000,39.84493E+000,100.00000E-003,243.66000E-006,410.40795E+000,39.84297E+000,462.99900E-003,4.63761E-006,39.84297E+000
1,1,294,100.00000E-003,174.30900E-006,573.69384E+000,39.97779E+000,99.99990E-003,278.95000E-006,358.48683E+000,39.97779E+000,100.00000E-003,253.57400E-006,394.36220E+000,39.97490E+000,455.99900E-003,4.23670E-006,39.97490E+000
1,1,295,100.00000E-003,179.17300E-006,558.11981E+000,40.10735E+000,99.99990E-003,289.57600E-006,345.33214E+000,40.10735E+000,100.00000E-003,264.05200E-006,378.71328E+000,40.10412E+000,448.99900E-003,3.94315E-006,40.10412E+000
1,1,296,100.00000E-003,184.08800E-006,543.21846E+000,40.24985E+000,99.99990E-003,300.57200E-006,332.69865E+000,40.24985E+000,100.00000E-003,274.84700E-006,363.83879E+000,40.24526E+000,441.99900E-003,3.66713E-006,40.24526E+000
1,1,297,100.00000E-003,189.03200E-006,529.01096E+000,40.41302E+000,99.99990E-003,311.93800E-006,320.57620E+000,40.41302E+000,100.00000E-003,285.96700E-006,349.69070E+000,40.40402E+000,434.99900E-003,3.41298E-006,40.40402E+000
1,1,298,100.00000E-003,193.90900E-006,515.70582E+000,40.54239E+000,100.00000E-003,323.34000E-006,309.27197E+000,40.54239E+000,99.99990E-003,297.21300E-006,336.45870E+000,40.54227E+000,427.99900E-003,3.15188E-006,40.54227E+000
1,1,299,100.00000E-003,198.77200E-006,503.08897E+000,40.66737E+000,100.00000E-003,334.99400E-006,298.51281E+000,40.66737E+000,100.00000E-003,308.52800E-006,324.11969E+000,40.66404E+000,420.99900E-003,2.88068E-006,40.66404E+000
1,1,300,100.00000E-003,203.61400E-006,491.12536E+000,40.80037E+000,99.99990E-003,346.91400E-006,288.25559E+000,40.80037E+000,99.99990E-003,320.12500E-006,312.37766E+000,40.79579E+000,413.99900E-003,2.64013E-006,40.79579E+000
1,1,301,100.00000E-003,208.37200E-006,479.91093E+000,40.93015E+000,100.00000E-003,358.88900E-006,278.63768E+000,40.93015E+000,99.99990E-003,331.90600E-006,301.28982E+000,40.92877E+000,406.99900E-003,2.41820E-006,40.92877E+000
1,1,302,100.00000E-003,213.09000E-006,469.28528E+000,41.08229E+000,99.99990E-003,371.11500E-006,269.45798E+000,41.08229E+000,99.99990E-003,343.88600E-006,290.79375E+000,41.08119E+000,399.99900E-003,2.20011E-006,41.08119E+000
1,1,303,99.99990E-003,217.75200E-006,459.23757E+000,41.23136E+000,99.99990E-003,383.45700E-006,260.78517E+000,41.23136E+000,99.99990E-003,355.93000E-006,280.95384E+000,41.22789E+000,392.99900E-003,1.98589E-006,41.22789E+000
1,1,304,99.99990E-003,221.78400E-006,450.88870E+000,41.36974E+000,99.99990E-003,394.46700E-006,253.50638E+000,41.36974E+000,99.99990E-003,368.26300E-006,271.54479E+000,41.40941E+000,385.99900E-003,1.79472E-006,41.40941E+000
1,1,305,100.00000E-003,226.63000E-006,441.24785E+000,41.55356E+000,100.00000E-003,408.17100E-006,244.99536E+000,41.55356E+000,99.99990E-003,380.44200E-006,262.85189E+000,41.55364E+000,378.99900E-003,1.59293E-006,41.55364E+000
1,1,306,100.00000E-003,230.90700E-006,433.07479E+000,41.68876E+000,100.00000E-003,420.59100E-006,237.76067E+000,41.68876E+000,99.99990E-003,392.41600E-006,254.83135E+000,41.67345E+000,371.99900E-003,1.36612E-006,41.67345E+000
1,1,307,99.99990E-003,235.13700E-006,425.28356E+000,41.86450E+000,100.00000E-003,433.18200E-006,230.84985E+000,41.86450E+000,100.00000E-003,405.19400E-006,246.79536E+000,41.84544E+000,364.99900E-003,1.27780E-006,41.84544E+000
1,1,308,99.99990E-003,239.04100E-006,418.33786E+000,42.00205E+000,99.99990E-003,444.98000E-006,224.72898E+000,42.00205E+000,100.00000E-003,417.22000E-006,239.68170E+000,41.99861E+000,357.99900E-003,1.02390E-006,41.99861E+000
1,1,309,99.99990E-003,242.99500E-006,411.53069E+000,42.23093E+000,100.00000E-003,457.60900E-006,218.52717E+000,42.23093E+000,100.00000E-003,430.17000E-006,232.46623E+000,42.22954E+000,350.99300E-003,908.33600E-009,42.22954E+000
1,1,310,100.00000E-003,246.67300E-006,405.39500E+000,42.36123E+000,100.00000E-003,469.47900E-006,213.00207E+000,42.36123E+000,100.00000E-003,442.17500E-006,226.15480E+000,42.36119E+000,343.99300E-003,705.11500E-009,42.36119E+000
1,1,311,100.00000E-003,250.19600E-006,399.68665E+000,42.49481E+000,100.00000E-003,481.14600E-006,207.83712E+000,42.49481E+000,100.00000E-003,454.16700E-006,220.18332E+000,42.49791E+000,336.99300E-003,499.64900E-009,42.49791E+000
1,1,312,99.99990E-003,253.99100E-006,393.71434E+000,42.92145E+000,99.99990E-003,494.51500E-006,202.21813E+000,42.92145E+000,99.99990E-003,468.42900E-006,213.47931E+000,42.92548E+000,329.99500E-003,493.79800E-009,42.92548E+000
1,1,313,100.00000E-003,257.44000E-006,388.44002E+000,43.09189E+000,99.99990E-003,506.64700E-006,197.37588E+000,43.09189E+000,100.00000E-003,481.61600E-006,207.63430E+000,43.16206E+000,322.98600E-003,516.69900E-009,43.16206E+000
1,1,314,100.00000E-003,260.48600E-006,383.89779E+000,43.28612E+000,99.99990E-003,517.76000E-006,193.13949E+000,43.28612E+000,99.99990E-003,493.49200E-006,202.63733E+000,43.35817E+000,315.98400E-003,254.70400E-009,43.35817E+000
1,1,315,100.00000E-003,263.73600E-006,379.16705E+000,43.72396E+000,99.99990E-003,530.34700E-006,188.55561E+000,43.72396E+000,100.00000E-003,506.98600E-006,197.24411E+000,43.79467E+000,308.98600E-003,169.47900E-009,43.79467E+000
1,1,316,100.00000E-003,266.62700E-006,375.05579E+000,43.93704E+000,99.99990E-003,541.44100E-006,184.69215E+000,43.93704E+000,99.99990E-003,518.00600E-006,193.04776E+000,43.94423E+000,301.99400E-003,-120.86400E-009,43.94423E+000
1,1,317,100.00000E-003,269.42300E-006,371.16356E+000,44.11012E+000,99.99990E-003,552.18300E-006,181.09920E+000,44.11012E+000,100.00000E-003,529.43800E-006,188.87953E+000,44.11264E+000,294.99400E-003,-322.48700E-009,44.11264E+000
1,1,318,100.00000E-003,272.03100E-006,367.60516E+000,44.24347E+000,99.99990E-003,562.56300E-006,177.75769E+000,44.24347E+000,100.00000E-003,540.55100E-006,184.99642E+000,44.24601E+000,287.99300E-003,-527.65300E-009,44.24601E+000
1,1,319,100.00000E-003,274.57900E-006,364.19391E+000,44.42323E+000,100.00000E-003,573.09200E-006,174.49205E+000,44.42323E+000,99.99990E-003,551.91600E-006,181.18681E+000,44.42274E+000,280.99900E-003,-685.18000E-009,44.42274E+000
1,1,320,99.99990E-003,276.96600E-006,361.05479E+000,44.54658E+000,100.00000E-003,583.05100E-006,171.51158E+000,44.54658E+000,99.99990E-003,562.65000E-006,177.73021E+000,44.54328E+000,273.99900E-003,-908.82000E-009,44.54328E+000
1,1,321,100.00000E-003,279.27700E-006,358.06744E+000,44.68722E+000,100.00000E-003,592.91300E-006,168.65881E+000,44.68722E+000,100.00000E-003,573.49700E-006,174.36883E+000,44.68343E+000,266.99900E-003,-1.09284E-006,44.68343E+000
1,1,322,100.00000E-003,281.48000E-006,355.26503E+000,44.82771E+000,99.99990E-003,602.55800E-006,165.95896E+000,44.82771E+000,99.99990E-003,584.80900E-006,170.99583E+000,44.85552E+000,259.99900E-003,-1.15957E-006,44.85552E+000
1,1,323,99.99990E-003,283.59900E-006,352.61020E+000,44.98198E+000,100.00000E-003,612.15300E-006,163.35785E+000,44.98198E+000,99.99990E-003,594.88500E-006,168.09955E+000,44.97845E+000,252.99900E-003,-1.46191E-006,44.97845E+000
1,1,324,100.00000E-003,285.60700E-006,350.13147E+000,45.11957E+000,99.99990E-003,621.36900E-006,160.93481E+000,45.11957E+000,99.99990E-003,605.21000E-006,165.23174E+000,45.11601E+000,245.99900E-003,-1.67148E-006,45.11601E+000
1,1,325,100.00000E-003,287.51500E-006,347.80794E+000,45.24616E+000,100.00000E-003,630.29700E-006,158.65536E+000,45.24616E+000,99.99990E-003,615.28400E-006,162.52641E+000,45.24301E+000,238.99900E-003,-1.89538E-006,45.24301E+000
1,1,326,100.00000E-003,289.31300E-006,345.64641E+000,45.37795E+000,100.00000E-003,639.14300E-006,156.45951E+000,45.37795E+000,99.99990E-003,625.26500E-006,159.93203E+000,45.37416E+000,231.99900E-003,-2.11472E-006,45.37416E+000
1,1,327,99.99990E-003,291.05300E-006,343.57969E+000,45.50525E+000,100.00000E-003,647.67500E-006,154.39843E+000,45.50525E+000,99.99990E-003,635.03700E-006,157.47098E+000,45.50229E+000,224.99900E-003,-2.35368E-006,45.50229E+000
1,1,328,100.00000E-003,292.72000E-006,341.62339E+000,45.63821E+000,99.99990E-003,656.19700E-006,152.39311E+000,45.63821E+000,100.00000E-003,644.75100E-006,155.09863E+000,45.63350E+000,217.99900E-003,-2.56942E-006,45.63350E+000
1,1,329,100.00000E-003,294.27900E-006,339.81358E+000,45.76667E+000,99.99990E-003,664.39000E-006,150.51385E+000,45.76667E+000,99.99990E-003,654.25900E-006,152.84452E+000,45.76329E+000,210.99900E-003,-2.80382E-006,45.76329E+000
1,1,330,100.00000E-003,295.72500E-006,338.15200E+000,45.88996E+000,99.99990E-003,671.97100E-006,148.81580E+000,45.88996E+000,100.00000E-003,664.14900E-006,150.56862E+000,45.92574E+000,203.99920E-003,-3.00715E-006,45.92574E+000
1,1,331,100.00000E-003,297.34700E-006,336.30741E+000,46.04497E+000,99.99990E-003,680.56000E-006,146.93767E+000,46.04497E+000,100.00000E-003,673.13100E-006,148.55949E+000,46.04205E+000,196.99910E-003,-3.27953E-006,46.04205E+000
1,1,332,99.99990E-003,298.72200E-006,334.75907E+000,46.17640E+000,100.00000E-003,688.30900E-006,145.28359E+000,46.17640E+000,100.00000E-003,682.19300E-006,146.58608E+000,46.17307E+000,189.99920E-003,-3.52110E-006,46.17307E+000
1,1,333,99.99990E-003,300.08900E-006,333.23414E+000,46.30779E+000,99.99990E-003,695.83600E-006,143.71188E+000,46.30779E+000,99.99990E-003,691.10300E-006,144.69609E+000,46.30440E+000,182.99910E-003,-3.76824E-006,46.30440E+000
1,1,334,100.00000E-003,301.38600E-006,331.80042E+000,46.44936E+000,99.99990E-003,703.29200E-006,142.18831E+000,46.44936E+000,100.00000E-003,700.06400E-006,142.84408E+000,46.44826E+000,175.99910E-003,-3.99085E-006,46.44826E+000
1,1,335,99.99990E-003,302.69600E-006,330.36413E+000,46.58897E+000,99.99990E-003,710.63800E-006,140.71848E+000,46.58897E+000,100.00000E-003,708.72000E-006,141.09945E+000,46.58483E+000,168.99910E-003,-4.23355E-006,46.58483E+000
1,1,336,99.99990E-003,303.82800E-006,329.13326E+000,46.71742E+000,99.99990E-003,717.54800E-006,139.36336E+000,46.71742E+000,100.00000E-003,717.17200E-006,139.43656E+000,46.71397E+000,161.99900E-003,-4.48946E-006,46.71397E+000
1,1,337,99.99990E-003,304.98600E-006,327.88357E+000,46.87501E+000,100.00000E-003,724.84200E-006,137.96110E+000,46.87501E+000,99.99990E-003,726.06200E-006,137.72915E+000,46.86742E+000,154.99930E-003,-4.60322E-006,46.86742E+000
1,1,338,100.00000E-003,306.06900E-006,326.72371E+000,47.00717E+000,100.00000E-003,731.45600E-006,136.71362E+000,47.00717E+000,99.99990E-003,734.42000E-006,136.16173E+000,47.01657E+000,147.99920E-003,-4.84728E-006,47.01657E+000
1,1,339,99.99990E-003,307.14100E-006,325.58304E+000,47.15388E+000,99.99990E-003,738.14700E-006,135.47423E+000,47.15388E+000,99.99990E-003,742.43200E-006,134.69234E+000,47.15068E+000,140.99900E-003,-5.11798E-006,47.15068E+000
1,1,340,100.00000E-003,308.14300E-006,324.52465E+000,47.27597E+000,100.00000E-003,744.47500E-006,134.32284E+000,47.27597E+000,99.99990E-003,750.23800E-006,133.29090E+000,47.27298E+000,133.99900E-003,-5.37933E-006,47.27298E+000
1,1,341,100.00000E-003,309.12300E-006,323.49583E+000,47.45004E+000,100.00000E-003,751.35000E-006,133.09376E+000,47.45004E+000,100.00000E-003,758.54800E-006,131.83081E+000,47.43401E+000,126.99890E-003,-5.50938E-006,47.43401E+000
1,1,342,99.99990E-003,310.02000E-006,322.55951E+000,47.57706E+000,100.00000E-003,757.39500E-006,132.03150E+000,47.57706E+000,99.99990E-003,766.43400E-006,130.47425E+000,47.57365E+000,119.99890E-003,-5.70117E-006,47.57365E+000
1,1,343,100.00000E-003,310.90900E-006,321.63752E+000,47.69715E+000,100.00000E-003,763.29200E-006,131.01146E+000,47.69715E+000,99.99990E-003,773.94600E-006,129.20785E+000,47.69702E+000,112.99880E-003,-5.91314E-006,47.69702E+000
1,1,344,100.00000E-003,311.77200E-006,320.74721E+000,47.83907E+000,100.00000E-003,769.63400E-006,129.93189E+000,47.83907E+000,100.00000E-003,782.48400E-006,127.79814E+000,47.87488E+000,105.99920E-003,-5.82353E-006,47.87488E+000
1,1,345,100.00000E-003,312.71300E-006,319.78204E+000,48.03843E+000,100.00000E-003,776.38000E-006,128.80291E+000,48.03843E+000,100.00000E-003,790.22500E-006,126.54624E+000,48.03825E+000,98.99870E-003,-5.98974E-006,48.03825E+000
1,1,346,100.00000E-003,313.49600E-006,318.98334E+000,48.17622E+000,99.99990E-003,782.10400E-006,127.86011E+000,48.17622E+000,99.99990E-003,797.61400E-006,125.37380E+000,48.17700E+000,91.99870E-003,-6.13513E-006,48.17700E+000
1,1,347,100.00000E-003,314.23700E-006,318.23114E+000,48.30693E+000,100.00000E-003,787.81200E-006,126.93384E+000,48.30693E+000,100.00000E-003,804.83100E-006,124.24969E+000,48.30877E+000,84.99870E-003,-6.26652E-006,48.30877E+000
1,1,348,100.00000E-003,314.91100E-006,317.55004E+000,48.44937E+000,99.99990E-003,793.58700E-006,126.01000E+000,48.44937E+000,100.00000E-003,812.09900E-006,123.13770E+000,48.44911E+000,77.99860E-003,-6.35630E-006,48.44911E+000
1,1,349,100.00000E-003,315.62200E-006,316.83469E+000,48.58514E+000,99.99990E-003,799.07600E-006,125.14442E+000,48.58514E+000,100.00000E-003,819.26000E-006,122.06137E+000,48.58703E+000,70.99860E-003,-6.42280E-006,48.58703E+000
1,1,350,99.99990E-003,316.31200E-006,316.14324E+000,48.73144E+000,99.99990E-003,804.78700E-006,124.25636E+000,48.73144E+000,99.99990E-003,826.39500E-006,121.00739E+000,48.73120E+000,63.99860E-003,-6.46544E-006,48.73120E+000
1,1,351,100.00000E-003,317.01200E-006,315.44547E+000,48.89062E+000,100.00000E-003,810.71400E-006,123.34806E+000,48.89062E+000,99.99990E-003,833.61300E-006,119.95962E+000,48.87694E+000,56.99880E-003,-6.40566E-006,48.87694E+000
1,1,352,100.00000E-003,317.66200E-006,314.80001E+000,49.01202E+000,100.00000E-003,815.87400E-006,122.56795E+000,49.01202E+000,100.00000E-003,840.29300E-006,119.00611E+000,49.01298E+000,49.99860E-003,-6.53859E-006,49.01298E+000
1,1,353,100.00000E-003,318.26300E-006,314.20555E+000,49.13500E+000,99.99990E-003,820.85200E-006,121.82452E+000,49.13500E+000,100.00000E-003,846.75400E-006,118.09805E+000,49.13517E+000,42.99850E-003,-6.65180E-006,49.13517E+000
1,1,354,100.00000E-003,318.85400E-006,313.62316E+000,49.28119E+000,100.00000E-003,826.14200E-006,121.04457E+000,49.28119E+000,100.00000E-003,853.60200E-006,117.15062E+000,49.28392E+000,35.99860E-003,-6.63360E-006,49.28392E+000
1,1,355,99.99990E-003,319.45800E-006,313.02988E+000,49.45330E+000,100.00000E-003,831.45900E-006,120.27051E+000,49.45330E+000,100.00000E-003,860.49800E-006,116.21178E+000,49.44466E+000,28.99850E-003,-6.60374E-006,49.44466E+000
1,1,356,100.00000E-003,320.00400E-006,312.49609E+000,49.57948E+000,100.00000E-003,836.16100E-006,119.59419E+000,49.57948E+000,100.00000E-003,866.81700E-006,115.36460E+000,49.57928E+000,21.99860E-003,-6.69989E-006,49.57928E+000
1,1,357,99.99990E-003,320.78800E-006,311.73205E+000,50.06427E+000,100.00000E-003,843.90700E-006,118.49647E+000,50.06427E+000,99.99990E-003,877.98300E-006,113.89731E+000,50.06144E+000,14.99890E-003,-5.78733E-006,50.06144E+000
1,1,358,99.99990E-003,321.21500E-006,311.31765E+000,50.22984E+000,100.00000E-003,848.38600E-006,117.87087E+000,50.22984E+000,100.00000E-003,884.16500E-006,113.10106E+000,50.23180E+000,7.99870E-003,-5.92519E-006,50.23180E+000
1,1,359,100.00000E-003,321.72300E-006,310.82639E+000,50.39037E+000,100.00000E-003,852.95100E-006,117.24003E+000,50.39037E+000,100.00000E-003,890.14700E-006,112.34100E+000,50.38389E+000,998.80000E-006,-6.01609E-006,50.38389E+000
1,1,360,100.00000E-003,322.25100E-006,310.31711E+000,50.52576E+000,99.99990E-003,856.93000E-006,116.69553E+000,50.52576E+000,100.00000E-003,895.85600E-006,111.62508E+000,50.52840E+000,-6.00140E-003,-6.24279E-006,50.52840E+000
1,1,361,100.00000E-003,322.63200E-006,309.95066E+000,50.68256E+000,100.00000E-003,861.32200E-006,116.10060E+000,50.68256E+000,100.00000E-003,901.67900E-006,110.90421E+000,50.68237E+000,-13.00140E-003,-6.38627E-006,50.68237E+000
1,1,362,100.00000E-003,323.17400E-006,309.43083E+000,50.97820E+000,100.00000E-003,866.72300E-006,115.37712E+000,50.97820E+000,100.00000E-003,909.27100E-006,109.97821E+000,50.97607E+000,-20.00130E-003,-6.13425E-006,50.97607E+000
1,1,363,100.00000E-003,323.56900E-006,309.05309E+000,51.11215E+000,100.00000E-003,870.59700E-006,114.86371E+000,51.11215E+000,100.00000E-003,914.55600E-006,109.34268E+000,51.11320E+000,-27.00140E-003,-6.39478E-006,51.11320E+000
1,1,364,100.00000E-003,323.96700E-006,308.67341E+000,51.23713E+000,100.00000E-003,874.39100E-006,114.36531E+000,51.23713E+000,100.00000E-003,919.64900E-006,108.73714E+000,51.23729E+000,-34.00140E-003,-6.67347E-006,51.23729E+000
1,1,365,100.00000E-003,324.32200E-006,308.33554E+000,51.38970E+000,100.00000E-003,878.53500E-006,113.82586E+000,51.38970E+000,100.00000E-003,925.17700E-006,108.08743E+000,51.38584E+000,-41.00120E-003,-6.77844E-006,51.38584E+000
1,1,366,100.00000E-003,324.76800E-006,307.91211E+000,51.57411E+000,99.99990E-003,882.62900E-006,113.29777E+000,51.57411E+000,99.99990E-003,931.03000E-006,107.40782E+000,51.57411E+000,-48.00150E-003,-6.87832E-006,51.57411E+000
1,1,367,100.00000E-003,325.18700E-006,307.51537E+000,51.82521E+000,99.99990E-003,887.30200E-006,112.70109E+000,51.82521E+000,100.00000E-003,937.63600E-006,106.65120E+000,51.82682E+000,-55.00140E-003,-6.71055E-006,51.82682E+000
1,1,368,100.00000E-003,325.53200E-006,307.18946E+000,51.98184E+000,100.00000E-003,891.08500E-006,112.22274E+000,51.98184E+000,100.00000E-003,942.78300E-006,106.06895E+000,51.98183E+000,-62.00150E-003,-6.90079E-006,51.98183E+000
1,1,369,100.00000E-003,325.91400E-006,306.82941E+000,52.12708E+000,100.00000E-003,894.62600E-006,111.77855E+000,52.12708E+000,100.00000E-003,947.80900E-006,105.50649E+000,52.12716E+000,-69.00150E-003,-7.07273E-006,52.12716E+000
1,1,370,100.00000E-003,326.23000E-006,306.53220E+000,52.25629E+000,100.00000E-003,898.12400E-006,111.34320E+000,52.25629E+000,99.99990E-003,952.57500E-006,104.97851E+000,52.25613E+000,-76.00160E-003,-7.30194E-006,52.25613E+000
1,1,371,100.00000E-003,326.53900E-006,306.24213E+000,52.39681E+000,100.00000E-003,901.61400E-006,110.91221E+000,52.39681E+000,100.00000E-003,957.52200E-006,104.43624E+000,52.39382E+000,-83.00140E-003,-7.41393E-006,52.39382E+000
1,1,372,100.00000E-003,326.97800E-006,305.83097E+000,52.79254E+000,100.00000E-003,906.81300E-006,110.27632E+000,52.79254E+000,99.99990E-003,965.65200E-006,103.55687E+000,52.79236E+000,-90.00130E-003,-6.82388E-006,52.79236E+000
1,1,373,100.00000E-003,327.30600E-006,305.52449E+000,52.98940E+000,99.99990E-003,910.69900E-006,109.80565E+000,52.98940E+000,99.99990E-003,970.86000E-006,103.00136E+000,52.99220E+000,-97.00140E-003,-6.96244E-006,52.99220E+000
1,1,374,100.00000E-003,327.67500E-006,305.18044E+000,53.26361E+000,100.00000E-003,914.94200E-006,109.29655E+000,53.26361E+000,100.00000E-003,976.90100E-006,102.36452E+000,53.26351E+000,-104.00140E-003,-6.87237E-006,53.26351E+000
1,1,375,99.99990E-003,327.92500E-006,304.94747E+000,53.41557E+000,100.00000E-003,917.83700E-006,108.95181E+000,53.41557E+000,99.99990E-003,981.86800E-006,101.84658E+000,53.45565E+000,-111.00140E-003,-7.03928E-006,53.45565E+000
1,1,376,100.00000E-003,328.30100E-006,304.59852E+000,53.58654E+000,99.99990E-003,921.14400E-006,108.56055E+000,53.58654E+000,99.99990E-003,986.08900E-006,101.41062E+000,53.58631E+000,-118.00160E-003,-7.38380E-006,53.58631E+000
1,1,377,99.99990E-003,328.53700E-006,304.37942E+000,53.71732E+000,100.00000E-003,924.33800E-006,108.18553E+000,53.71732E+000,100.00000E-003,990.30500E-006,100.97899E+000,53.71696E+000,-125.00170E-003,-7.68400E-006,53.71696E+000
1,1,378,99.99990E-003,328.82600E-006,304.11190E+000,53.90667E+000,100.00000E-003,927.63600E-006,107.80090E+000,53.90667E+000,100.00000E-003,995.18500E-006,100.48383E+000,53.89397E+000,-132.00150E-003,-7.72542E-006,53.89397E+000
1,1,379,100.00000E-003,329.02600E-006,303.92735E+000,54.02886E+000,100.00000E-003,930.49200E-006,107.47003E+000,54.02886E+000,99.94540E-003,998.71800E-006,100.07369E+000,54.02876E+000,-139.00170E-003,-8.06691E-006,54.02876E+000
1,1,380,99.99990E-003,329.37000E-006,303.60962E+000,54.16722E+000,100.00000E-003,933.64800E-006,107.10675E+000,54.16722E+000,99.65870E-003,999.75600E-006,99.68302E+000,54.16752E+000,-146.00170E-003,-8.29475E-006,54.16752E+000
1,1,381,99.99990E-003,329.73800E-006,303.27078E+000,54.30032E+000,99.99990E-003,936.88500E-006,106.73658E+000,54.30032E+000,99.31290E-003,999.95500E-006,99.31737E+000,54.29845E+000,-153.00180E-003,-8.56011E-006,54.29845E+000
1,1,382,100.00000E-003,330.13300E-006,302.90822E+000,54.46842E+000,99.99990E-003,940.38100E-006,106.33977E+000,54.46842E+000,98.90580E-003,999.99500E-006,98.90629E+000,54.47466E+000,-160.00170E-003,-8.58516E-006,54.47466E+000
1,1,383,100.00000E-003,330.46100E-006,302.60757E+000,54.59604E+000,100.00000E-003,943.58600E-006,105.97868E+000,54.59604E+000,98.57060E-003,1.00000E-003,98.57060E+000,54.59582E+000,-167.00180E-003,-8.92700E-006,54.59582E+000
1,1,384,100.00000E-003,330.84300E-006,302.25817E+000,54.85363E+000,99.99990E-003,947.82300E-006,105.50483E+000,54.85363E+000,98.08560E-003,1.00000E-003,98.08560E+000,54.85315E+000,-174.00140E-003,-8.61971E-006,54.85315E+000
1,1,385,100.00000E-003,331.36800E-006,301.77929E+000,55.49829E+000,100.00000E-003,954.13500E-006,104.80697E+000,55.49829E+000,97.28590E-003,1.00000E-003,97.28590E+000,55.49872E+000,-181.00140E-003,-7.45154E-006,55.49872E+000
1,1,386,100.00000E-003,331.71100E-006,301.46724E+000,55.62945E+000,100.00000E-003,956.93500E-006,104.50031E+000,55.62945E+000,96.99270E-003,1.00000E-003,96.99270E+000,55.63171E+000,-188.00150E-003,-7.92872E-006,55.63171E+000
1,1,387,100.00000E-003,331.97100E-006,301.23113E+000,55.82098E+000,100.00000E-003,960.11900E-006,104.15376E+000,55.82098E+000,96.64310E-003,1.00000E-003,96.64310E+000,55.82158E+000,-195.00140E-003,-8.10850E-006,55.82158E+000
1,1,388,99.99990E-003,332.34100E-006,300.89547E+000,55.98252E+000,100.00000E-003,962.87600E-006,103.85553E+000,55.98252E+000,96.32170E-003,1.00000E-003,96.32170E+000,55.98585E+000,-202.00150E-003,-8.39551E-006,55.98585E+000
1,1,389,100.00000E-003,332.68200E-006,300.58735E+000,56.17628E+000,100.00000E-003,966.27500E-006,103.49021E+000,56.17628E+000,95.98290E-003,1.00000E-003,95.98290E+000,56.17712E+000,-209.00160E-003,-8.54810E-006,56.17712E+000
1,1,390,100.00000E-003,332.87200E-006,300.41578E+000,56.29636E+000,99.99990E-003,969.14400E-006,103.18374E+000,56.29636E+000,95.71700E-003,1.00000E-003,95.71700E+000,56.29686E+000,-216.00200E-003,-8.97980E-006,56.29686E+000
1,1,391,100.00000E-003,333.14600E-006,300.16869E+000,56.41545E+000,100.00000E-003,971.82400E-006,102.89929E+000,56.41545E+000,95.44950E-003,1.00000E-003,95.44950E+000,56.41280E+000,-223.00200E-003,-9.39730E-006,56.41280E+000
1,1,392,100.00000E-003,333.41700E-006,299.92472E+000,56.53606E+000,100.00000E-003,974.18900E-006,102.64949E+000,56.53606E+000,95.17620E-003,1.00000E-003,95.17620E+000,56.53271E+000,-230.00200E-003,-9.75660E-006,56.53271E+000
1,1,393,100.00000E-003,333.58300E-006,299.77547E+000,56.65598E+000,100.00000E-003,976.66400E-006,102.38936E+000,56.65598E+000,94.90380E-003,1.00000E-003,94.90380E+000,56.65284E+000,-237.00200E-003,-10.09060E-006,56.65284E+000
1,1,394,100.00000E-003,333.85300E-006,299.53303E+000,56.78601E+000,100.00000E-003,979.26000E-006,102.11793E+000,56.78601E+000,94.62590E-003,1.00000E-003,94.62590E+000,56.78236E+000,-244.00200E-003,-10.35300E-006,56.78236E+000
1,1,395,100.00000E-003,334.33000E-006,299.10567E+000,57.15436E+000,100.00000E-003,983.44300E-006,101.68357E+000,57.15436E+000,94.13080E-003,1.00000E-003,94.13080E+000,57.15298E+000,-251.00200E-003,-9.55190E-006,57.15298E+000
1,1,396,100.00000E-003,334.53100E-006,298.92596E+000,57.29606E+000,100.00000E-003,986.15300E-006,101.40414E+000,57.29606E+000,93.86800E-003,1.00000E-003,93.86800E+000,57.29308E+000,-258.00200E-003,-9.93710E-006,57.29308E+000
1,1,397,99.99990E-003,334.85200E-006,298.63910E+000,57.47304E+000,99.99990E-003,988.87100E-006,101.12532E+000,57.47304E+000,93.57730E-003,1.00000E-003,93.57730E+000,57.46333E+000,-265.00200E-003,-10.11660E-006,57.46333E+000
1,1,398,100.00000E-003,335.08400E-006,298.43263E+000,57.59760E+000,100.00000E-003,991.35900E-006,100.87163E+000,57.59760E+000,93.32550E-003,1.00000E-003,93.32550E+000,57.59411E+000,-272.00200E-003,-10.47760E-006,57.59411E+000
1,1,399,99.99990E-003,335.21900E-006,298.31215E+000,57.72898E+000,99.99990E-003,993.93700E-006,100.60990E+000,57.72898E+000,93.07510E-003,1.00000E-003,93.07510E+000,57.72482E+000,-279.00200E-003,-10.79790E-006,57.72482E+000
1,1,400,100.00000E-003,335.53300E-006,298.03328E+000,57.85969E+000,99.99820E-003,996.30400E-006,100.36916E+000,57.85969E+000,92.82530E-003,1.00000E-003,92.82530E+000,57.85456E+000,-286.00200E-003,-11.09770E-006,57.85456E+000
1,1,401,100.00000E-003,336.07300E-006,297.55440E+000,58.25630E+000,99.86710E-003,999.08800E-006,99.95826E+000,58.25630E+000,92.34710E-003,1.00000E-003,92.34710E+000,58.25001E+000,-293.00200E-003,-10.21900E-006,58.25001E+000
