Repeat,VAR2,Point,D2__CH1__DRAIN Voltage,D2__CH1__DRAIN Current,D2__CH1__DRAIN Time,D2__CH2__GATE Voltage,D2__CH2__GATE Current,D2__CH2__GATE Time,transc
1,1,1,1.00E-01,5.17E-05,6.83E-02,-3.00E-01,-9.09E-06,6.83E-02,2.23111E-05
1,1,2,1.00E-01,5.19E-05,1.72E-01,-2.93E-01,-8.39E-06,1.72E-01,3.02857E-06
1,1,3,1.00E-01,5.19E-05,2.76E-01,-2.86E-01,-7.77E-06,2.76E-01,5.68653E-06
1,1,4,1.00E-01,5.19E-05,3.79E-01,-2.79E-01,-7.22E-06,3.79E-01,-1.02557E-05
1,1,5,1.00E-01,5.18E-05,4.83E-01,-2.72E-01,-6.70E-06,4.83E-01,-0.0000221
1,1,6,1.00E-01,5.17E-05,5.87E-01,-2.65E-01,-6.22E-06,5.87E-01,-4.93714E-05
1,1,7,1.00E-01,5.13E-05,7.00E-01,-2.58E-01,-5.76E-06,7.00E-01,-1.13571E-05
1,1,8,1.00E-01,5.13E-05,8.04E-01,-2.51E-01,-5.34E-06,8.04E-01,1.07286E-05
1,1,9,1.00E-01,5.13E-05,9.07E-01,-2.44E-01,-4.95E-06,9.07E-01,2.89714E-05
1,1,10,1.00E-01,5.15E-05,1.01E+00,-2.37E-01,-4.60E-06,1.01E+00,-2.07429E-05
1,1,11,1.00E-01,5.14E-05,1.12E+00,-2.30E-01,-4.26E-06,1.12E+00,-3.33E-05
1,1,12,1.00E-01,5.12E-05,1.22E+00,-2.23E-01,-3.94E-06,1.22E+00,1.04429E-05
1,1,13,1.00E-01,5.12E-05,1.32E+00,-2.16E-01,-3.64E-06,1.32E+00,5.89983E-06
1,1,14,1.00E-01,5.13E-05,1.43E+00,-2.09E-01,-3.37E-06,1.43E+00,-1.42286E-05
1,1,15,1.00E-01,5.12E-05,1.53E+00,-2.02E-01,-3.11E-06,1.53E+00,-1.04001E-05
1,1,16,1.00E-01,5.11E-05,1.67E+00,-1.95E-01,-2.91E-06,1.67E+00,-1.28141E-05
1,1,17,1.00E-01,5.10E-05,1.77E+00,-1.88E-01,-2.65E-06,1.77E+00,-2.81714E-05
1,1,18,1.00E-01,5.08E-05,1.88E+00,-1.81E-01,-2.42E-06,1.88E+00,-1.59857E-05
1,1,19,1.00E-01,5.07E-05,1.98E+00,-1.74E-01,-2.22E-06,1.98E+00,-1.67569E-05
1,1,20,1.00E-01,5.06E-05,2.09E+00,-1.67E-01,-2.03E-06,2.09E+00,-2.71429E-05
1,1,21,1.00E-01,5.04E-05,2.21E+00,-1.60E-01,-1.86E-06,2.21E+00,-4.63435E-05
1,1,22,1.00E-01,5.01E-05,2.31E+00,-1.53E-01,-1.68E-06,2.31E+00,-8.72845E-06
1,1,23,1.00E-01,5.00E-05,2.41E+00,-1.46E-01,-1.53E-06,2.41E+00,6.57152E-07
1,1,24,1.00E-01,5.00E-05,2.52E+00,-1.39E-01,-1.38E-06,2.52E+00,-1.08429E-05
1,1,25,1.00E-01,4.99E-05,2.62E+00,-1.32E-01,-1.24E-06,2.62E+00,-1.36284E-05
1,1,26,1.00E-01,4.98E-05,2.72E+00,-1.25E-01,-1.10E-06,2.72E+00,-1.83717E-05
1,1,27,1.00E-01,4.97E-05,2.89E+00,-1.18E-01,-1.09E-06,2.89E+00,-2.1235E-05
1,1,28,1.00E-01,4.96E-05,3.00E+00,-1.11E-01,-9.31E-07,3.00E+00,-2.28987E-05
1,1,29,1.00E-01,4.94E-05,3.10E+00,-1.04E-01,-7.89E-07,3.10E+00,-2.33711E-05
1,1,30,1.00E-01,4.92E-05,3.21E+00,-9.70E-02,-6.73E-07,3.21E+00,-2.66278E-05
1,1,31,1.00E-01,4.91E-05,3.31E+00,-9.00E-02,-5.62E-07,3.31E+00,-2.55707E-05
1,1,32,1.00E-01,4.89E-05,3.41E+00,-8.30E-02,-4.59E-07,3.41E+00,-2.93861E-05
1,1,33,1.00E-01,4.87E-05,3.52E+00,-7.60E-02,-3.62E-07,3.52E+00,-3.02286E-05
1,1,34,1.00E-01,4.85E-05,3.62E+00,-6.90E-02,-2.71E-07,3.62E+00,-3.42424E-05
1,1,35,1.00E-01,4.82E-05,3.72E+00,-6.20E-02,-1.85E-07,3.72E+00,-8.13487E-05
1,1,36,1.00E-01,4.77E-05,3.90E+00,-5.50E-02,-2.45E-07,3.90E+00,3.01017E-05
1,1,37,1.00E-01,4.79E-05,4.07E+00,-4.80E-02,-2.39E-07,4.07E+00,-2.24717E-05
1,1,38,1.00E-01,4.77E-05,4.24E+00,-4.10E-02,-2.04E-07,4.24E+00,-3.34014E-05
1,1,39,1.00E-01,4.75E-05,4.41E+00,-3.40E-02,-1.58E-07,4.41E+00,-3.46158E-05
1,1,40,1.00E-01,4.72E-05,4.53E+00,-2.68E-02,-1.12E-08,4.53E+00,-3.53256E-05
1,1,41,1.00E-01,4.70E-05,4.70E+00,-1.99E-02,2.14E-09,4.70E+00,-2.37378E-05
1,1,42,1.00E-01,4.68E-05,4.81E+00,-1.30E-02,1.24E-07,4.81E+00,-2.93273E-05
1,1,43,1.00E-01,4.66E-05,4.91E+00,-6.00E-03,2.29E-07,4.91E+00,-3.30281E-05
1,1,44,1.00E-01,4.64E-05,5.01E+00,1.00E-03,3.14E-07,5.01E+00,-3.95566E-05
1,1,45,1.00E-01,4.61E-05,5.12E+00,8.00E-03,3.90E-07,5.12E+00,-4.76844E-05
1,1,46,1.00E-01,4.58E-05,5.23E+00,1.50E-02,4.47E-07,5.23E+00,-3.42571E-05
1,1,47,1.00E-01,4.55E-05,5.33E+00,2.20E-02,5.16E-07,5.33E+00,-4.16583E-05
1,1,48,1.00E-01,4.52E-05,5.44E+00,2.90E-02,5.64E-07,5.44E+00,-4.80014E-06
1,1,49,1.00E-01,4.52E-05,5.55E+00,3.60E-02,6.13E-07,5.55E+00,-3.31876E-05
1,1,50,1.00E-01,4.50E-05,5.68E+00,4.30E-02,6.15E-07,5.68E+00,-2.79405E-05
1,1,51,1.00E-01,4.48E-05,5.79E+00,5.00E-02,6.85E-07,5.79E+00,-3.32005E-05
1,1,52,1.00E-01,4.45E-05,5.90E+00,5.70E-02,7.38E-07,5.90E+00,-3.67127E-05
1,1,53,1.00E-01,4.43E-05,6.01E+00,6.40E-02,7.88E-07,6.01E+00,-3.54005E-05
1,1,54,1.00E-01,4.40E-05,6.12E+00,7.10E-02,8.30E-07,6.12E+00,-3.56316E-05
1,1,55,1.00E-01,4.38E-05,6.24E+00,7.80E-02,8.73E-07,6.24E+00,-3.53852E-05
1,1,56,1.00E-01,4.35E-05,6.34E+00,8.50E-02,9.28E-07,6.34E+00,-3.68286E-05
1,1,57,1.00E-01,4.33E-05,6.44E+00,9.20E-02,9.75E-07,6.44E+00,-4.0272E-05
1,1,58,1.00E-01,4.30E-05,6.55E+00,9.90E-02,1.02E-06,6.55E+00,-4.39286E-05
1,1,59,1.00E-01,4.27E-05,6.68E+00,1.06E-01,9.85E-07,6.68E+00,-3.83286E-05
1,1,60,1.00E-01,4.24E-05,6.78E+00,1.13E-01,1.06E-06,6.78E+00,-3.85423E-05
1,1,61,1.00E-01,4.22E-05,6.89E+00,1.20E-01,1.10E-06,6.89E+00,-4.24571E-05
1,1,62,1.00E-01,4.19E-05,6.99E+00,1.27E-01,1.14E-06,6.99E+00,-4.32137E-05
1,1,63,1.00E-01,4.16E-05,7.10E+00,1.34E-01,1.18E-06,7.10E+00,-4.50006E-05
1,1,64,1.00E-01,4.12E-05,7.22E+00,1.41E-01,1.18E-06,7.22E+00,-4.28137E-05
1,1,65,1.00E-01,4.09E-05,7.32E+00,1.48E-01,1.22E-06,7.32E+00,-4.38721E-05
1,1,66,1.00E-01,4.06E-05,7.43E+00,1.55E-01,1.26E-06,7.43E+00,-4.51578E-05
1,1,67,1.00E-01,4.03E-05,7.53E+00,1.62E-01,1.29E-06,7.53E+00,-4.50279E-05
1,1,68,1.00E-01,4.00E-05,7.63E+00,1.69E-01,1.32E-06,7.63E+00,-4.58714E-05
1,1,69,1.00E-01,3.97E-05,7.74E+00,1.76E-01,1.35E-06,7.74E+00,-4.76429E-05
1,1,70,1.00E-01,3.93E-05,7.84E+00,1.83E-01,1.38E-06,7.84E+00,-4.83864E-05
1,1,71,1.00E-01,3.90E-05,7.94E+00,1.90E-01,1.41E-06,7.94E+00,-4.74279E-05
1,1,72,1.00E-01,3.87E-05,8.05E+00,1.97E-01,1.44E-06,8.05E+00,-5.4873E-05
1,1,73,1.00E-01,3.83E-05,8.18E+00,2.04E-01,1.40E-06,8.18E+00,-4.75585E-05
1,1,74,1.00E-01,3.80E-05,8.29E+00,2.11E-01,1.47E-06,8.29E+00,-4.82E-05
1,1,75,1.00E-01,3.76E-05,8.39E+00,2.18E-01,1.52E-06,8.39E+00,-4.93E-05
1,1,76,1.00E-01,3.73E-05,8.49E+00,2.25E-01,1.56E-06,8.49E+00,-5.00429E-05
1,1,77,1.00E-01,3.69E-05,8.60E+00,2.32E-01,1.61E-06,8.60E+00,-5.41429E-05
1,1,78,1.00E-01,3.66E-05,8.73E+00,2.39E-01,1.62E-06,8.73E+00,-5.04714E-05
1,1,79,1.00E-01,3.62E-05,8.83E+00,2.46E-01,1.67E-06,8.83E+00,-5.14429E-05
1,1,80,1.00E-01,3.58E-05,8.93E+00,2.53E-01,1.73E-06,8.93E+00,-5.23857E-05
1,1,81,1.00E-01,3.55E-05,9.04E+00,2.60E-01,1.79E-06,9.04E+00,-5.16E-05
1,1,82,1.00E-01,3.51E-05,9.14E+00,2.67E-01,1.84E-06,9.14E+00,-5.31429E-05
1,1,83,1.00E-01,3.47E-05,9.24E+00,2.74E-01,1.91E-06,9.24E+00,-5.40429E-05
1,1,84,1.00E-01,3.44E-05,9.35E+00,2.81E-01,1.97E-06,9.35E+00,-5.44857E-05
1,1,85,1.00E-01,3.40E-05,9.45E+00,2.88E-01,2.03E-06,9.45E+00,-5.50714E-05
1,1,86,1.00E-01,3.36E-05,9.55E+00,2.95E-01,2.09E-06,9.55E+00,-6.16571E-05
1,1,87,1.00E-01,3.32E-05,9.68E+00,3.02E-01,2.09E-06,9.68E+00,-5.45429E-05
1,1,88,1.00E-01,3.28E-05,9.79E+00,3.09E-01,2.17E-06,9.79E+00,-5.74143E-05
1,1,89,1.00E-01,3.24E-05,9.89E+00,3.16E-01,2.23E-06,9.89E+00,-5.88429E-05
1,1,90,1.00E-01,3.20E-05,1.00E+01,3.23E-01,2.29E-06,1.00E+01,-5.90429E-05
1,1,91,1.00E-01,3.16E-05,1.01E+01,3.30E-01,2.35E-06,1.01E+01,-6.50571E-05
1,1,92,1.00E-01,3.11E-05,1.02E+01,3.37E-01,2.36E-06,1.02E+01,-6.11286E-05
1,1,93,1.00E-01,3.07E-05,1.03E+01,3.44E-01,2.41E-06,1.03E+01,-6.18E-05
1,1,94,1.00E-01,3.02E-05,1.04E+01,3.51E-01,2.46E-06,1.04E+01,-6.35571E-05
1,1,95,1.00E-01,2.98E-05,1.05E+01,3.58E-01,2.51E-06,1.05E+01,-6.34714E-05
1,1,96,1.00E-01,2.93E-05,1.06E+01,3.65E-01,2.56E-06,1.06E+01,-6.66286E-05
1,1,97,1.00E-01,2.89E-05,1.08E+01,3.72E-01,2.60E-06,1.08E+01,-6.51571E-05
1,1,98,1.00E-01,2.84E-05,1.09E+01,3.79E-01,2.65E-06,1.09E+01,-6.65286E-05
1,1,99,1.00E-01,2.80E-05,1.10E+01,3.86E-01,2.71E-06,1.10E+01,-6.68286E-05
1,1,100,1.00E-01,2.75E-05,1.11E+01,3.93E-01,2.77E-06,1.11E+01,-7.42286E-05
1,1,101,1.00E-01,2.70E-05,1.12E+01,4.00E-01,2.77E-06,1.12E+01,-6.4E-05
1,1,102,1.00E-01,2.65E-05,1.13E+01,4.07E-01,2.85E-06,1.13E+01,-6.59286E-05
1,1,103,1.00E-01,2.61E-05,1.14E+01,4.14E-01,2.93E-06,1.14E+01,-6.43286E-05
1,1,104,1.00E-01,2.56E-05,1.15E+01,4.21E-01,3.01E-06,1.15E+01,-6.43143E-05
1,1,105,1.00E-01,2.52E-05,1.16E+01,4.28E-01,3.09E-06,1.16E+01,-7.05286E-05
1,1,106,1.00E-01,2.47E-05,1.17E+01,4.35E-01,3.15E-06,1.17E+01,-6.29143E-05
1,1,107,1.00E-01,2.42E-05,1.18E+01,4.42E-01,3.25E-06,1.18E+01,-6.28571E-05
1,1,108,1.00E-01,2.38E-05,1.19E+01,4.49E-01,3.35E-06,1.19E+01,-6.56571E-05
1,1,109,1.00E-01,2.33E-05,1.20E+01,4.56E-01,3.45E-06,1.20E+01,-6.21571E-05
1,1,110,1.00E-01,2.29E-05,1.21E+01,4.63E-01,3.56E-06,1.21E+01,-6.37E-05
1,1,111,1.00E-01,2.24E-05,1.22E+01,4.70E-01,3.67E-06,1.22E+01,-6.43429E-05
1,1,112,1.00E-01,2.20E-05,1.24E+01,4.77E-01,3.78E-06,1.24E+01,-6.30429E-05
1,1,113,1.00E-01,2.16E-05,1.25E+01,4.84E-01,3.89E-06,1.25E+01,-6.2E-05
1,1,114,1.00E-01,2.11E-05,1.26E+01,4.91E-01,4.01E-06,1.26E+01,-6.86857E-05
1,1,115,1.00E-01,2.06E-05,1.27E+01,4.98E-01,4.08E-06,1.27E+01,-5.78E-05
1,1,116,1.00E-01,2.02E-05,1.28E+01,5.05E-01,4.23E-06,1.28E+01,-5.91429E-05
1,1,117,1.00E-01,1.98E-05,1.29E+01,5.12E-01,4.36E-06,1.29E+01,-5.93571E-05
1,1,118,1.00E-01,1.94E-05,1.30E+01,5.19E-01,4.50E-06,1.30E+01,-5.87857E-05
1,1,119,1.00E-01,1.90E-05,1.31E+01,5.26E-01,4.64E-06,1.31E+01,-5.95857E-05
1,1,120,1.00E-01,1.86E-05,1.32E+01,5.33E-01,4.76E-06,1.32E+01,-5.58571E-05
1,1,121,1.00E-01,1.82E-05,1.33E+01,5.40E-01,4.91E-06,1.33E+01,-5.40714E-05
1,1,122,1.00E-01,1.78E-05,1.34E+01,5.47E-01,5.06E-06,1.34E+01,-5.30857E-05
1,1,123,1.00E-01,1.74E-05,1.35E+01,5.54E-01,5.21E-06,1.35E+01,-5.23143E-05
1,1,124,1.00E-01,1.71E-05,1.37E+01,5.61E-01,5.36E-06,1.37E+01,-5.09429E-05
1,1,125,1.00E-01,1.67E-05,1.38E+01,5.68E-01,5.51E-06,1.38E+01,-0.0000497
1,1,126,1.00E-01,1.64E-05,1.39E+01,5.75E-01,5.67E-06,1.39E+01,-4.80714E-05
1,1,127,1.00E-01,1.60E-05,1.40E+01,5.82E-01,5.83E-06,1.40E+01,-4.67429E-05
1,1,128,1.00E-01,1.57E-05,1.41E+01,5.89E-01,5.99E-06,1.41E+01,-5.00143E-05
1,1,129,1.00E-01,1.54E-05,1.42E+01,5.96E-01,6.11E-06,1.42E+01,-4.21429E-05
1,1,130,1.00E-01,1.51E-05,1.43E+01,6.03E-01,6.29E-06,1.43E+01,-4.16286E-05
1,1,131,1.00E-01,1.48E-05,1.44E+01,6.10E-01,6.46E-06,1.44E+01,-4.01571E-05
1,1,132,1.00E-01,1.45E-05,1.45E+01,6.17E-01,6.64E-06,1.45E+01,-3.78571E-05
1,1,133,1.00E-01,1.42E-05,1.46E+01,6.24E-01,6.81E-06,1.46E+01,-3.72286E-05
1,1,134,1.00E-01,1.40E-05,1.47E+01,6.31E-01,6.98E-06,1.47E+01,-3.42571E-05
1,1,135,1.00E-01,1.37E-05,1.48E+01,6.38E-01,7.16E-06,1.48E+01,-3.19571E-05
1,1,136,1.00E-01,1.35E-05,1.49E+01,6.45E-01,7.33E-06,1.49E+01,-3.02143E-05
1,1,137,1.00E-01,1.33E-05,1.50E+01,6.52E-01,7.51E-06,1.50E+01,-2.83286E-05
1,1,138,1.00E-01,1.31E-05,1.51E+01,6.59E-01,7.70E-06,1.51E+01,-2.65143E-05
1,1,139,1.00E-01,1.29E-05,1.53E+01,6.66E-01,7.88E-06,1.53E+01,-0.0000246
1,1,140,1.00E-01,1.27E-05,1.54E+01,6.73E-01,8.06E-06,1.54E+01,-2.21286E-05
1,1,141,1.00E-01,1.26E-05,1.55E+01,6.80E-01,8.25E-06,1.55E+01,-2.01714E-05
1,1,142,1.00E-01,1.24E-05,1.56E+01,6.87E-01,8.44E-06,1.56E+01,-1.87571E-05
1,1,143,1.00E-01,1.23E-05,1.57E+01,6.94E-01,8.59E-06,1.57E+01,-1.47571E-05
1,1,144,1.00E-01,1.22E-05,1.58E+01,7.01E-01,8.80E-06,1.58E+01,-1.34286E-05
1,1,145,1.00E-01,1.21E-05,1.59E+01,7.08E-01,9.00E-06,1.59E+01,-1.10286E-05
1,1,146,1.00E-01,1.20E-05,1.60E+01,7.15E-01,9.20E-06,1.60E+01,-9.3E-06
1,1,147,1.00E-01,1.20E-05,1.61E+01,7.22E-01,9.40E-06,1.61E+01,-7.31429E-06
1,1,148,1.00E-01,1.19E-05,1.62E+01,7.29E-01,9.60E-06,1.62E+01,-5.35714E-06
1,1,149,1.00E-01,1.19E-05,1.63E+01,7.36E-01,9.80E-06,1.63E+01,-4.08571E-06
1,1,150,1.00E-01,1.18E-05,1.65E+01,7.43E-01,1.00E-05,1.65E+01,-1.4E-06
1,1,151,1.00E-01,1.18E-05,1.66E+01,7.50E-01,1.02E-05,1.66E+01,5.71429E-08
1,1,152,1.00E-01,1.18E-05,1.67E+01,7.57E-01,1.04E-05,1.67E+01,1.58571E-06
1,1,153,1.00E-01,1.18E-05,1.68E+01,7.64E-01,1.06E-05,1.68E+01,3.12857E-06
1,1,154,1.00E-01,1.19E-05,1.69E+01,7.71E-01,1.08E-05,1.69E+01,5.01429E-06
1,1,155,1.00E-01,1.19E-05,1.70E+01,7.78E-01,1.11E-05,1.70E+01,5.78571E-06
1,1,156,1.00E-01,1.19E-05,1.71E+01,7.85E-01,1.13E-05,1.71E+01,9.14286E-06
1,1,157,1.00E-01,1.20E-05,1.72E+01,7.92E-01,1.15E-05,1.72E+01,0.0000085
1,1,158,1.00E-01,1.21E-05,1.73E+01,7.99E-01,1.17E-05,1.73E+01,1.00857E-05
1,1,159,1.00E-01,1.21E-05,1.74E+01,8.06E-01,1.19E-05,1.74E+01,1.16E-05
1,1,160,1.00E-01,1.22E-05,1.75E+01,8.13E-01,1.21E-05,1.75E+01,1.26286E-05
1,1,161,1.00E-01,1.23E-05,1.76E+01,8.20E-01,1.24E-05,1.76E+01,1.45429E-05
1,1,162,1.00E-01,1.24E-05,1.77E+01,8.27E-01,1.26E-05,1.77E+01,1.45429E-05
1,1,163,1.00E-01,1.25E-05,1.79E+01,8.34E-01,1.28E-05,1.79E+01,1.49286E-05
1,1,164,1.00E-01,1.26E-05,1.80E+01,8.41E-01,1.30E-05,1.80E+01,1.63143E-05
1,1,165,1.00E-01,1.27E-05,1.81E+01,8.48E-01,1.33E-05,1.81E+01,1.71571E-05
1,1,166,1.00E-01,1.28E-05,1.82E+01,8.55E-01,1.35E-05,1.82E+01,1.77571E-05
1,1,167,1.00E-01,1.30E-05,1.83E+01,8.62E-01,1.37E-05,1.83E+01,1.82571E-05
1,1,168,1.00E-01,1.31E-05,1.84E+01,8.69E-01,1.40E-05,1.84E+01,1.85286E-05
1,1,169,1.00E-01,1.32E-05,1.85E+01,8.76E-01,1.42E-05,1.85E+01,1.87571E-05
1,1,170,1.00E-01,1.34E-05,1.86E+01,8.83E-01,1.44E-05,1.86E+01,2.18E-05
1,1,171,1.00E-01,1.35E-05,1.87E+01,8.90E-01,1.46E-05,1.87E+01,1.85429E-05
1,1,172,1.00E-01,1.36E-05,1.88E+01,8.97E-01,1.49E-05,1.88E+01,1.97857E-05
1,1,173,1.00E-01,1.38E-05,1.89E+01,9.04E-01,1.51E-05,1.89E+01,1.99857E-05
1,1,174,1.00E-01,1.39E-05,1.90E+01,9.11E-01,1.54E-05,1.90E+01,2.04857E-05
1,1,175,1.00E-01,1.41E-05,1.91E+01,9.18E-01,1.56E-05,1.91E+01,2.17429E-05
1,1,176,1.00E-01,1.42E-05,1.93E+01,9.25E-01,1.58E-05,1.93E+01,2.03571E-05
1,1,177,1.00E-01,1.44E-05,1.94E+01,9.32E-01,1.61E-05,1.94E+01,2.05E-05
1,1,178,1.00E-01,1.45E-05,1.95E+01,9.39E-01,1.63E-05,1.95E+01,2.05571E-05
1,1,179,1.00E-01,1.46E-05,1.96E+01,9.46E-01,1.65E-05,1.96E+01,2.05143E-05
1,1,180,1.00E-01,1.48E-05,1.97E+01,9.53E-01,1.68E-05,1.97E+01,2.06143E-05
1,1,181,1.00E-01,1.49E-05,1.98E+01,9.60E-01,1.70E-05,1.98E+01,2.09143E-05
1,1,182,1.00E-01,1.51E-05,1.99E+01,9.67E-01,1.73E-05,1.99E+01,2.01143E-05
1,1,183,1.00E-01,1.52E-05,2.00E+01,9.74E-01,1.75E-05,2.00E+01,2.06286E-05
1,1,184,1.00E-01,1.54E-05,2.01E+01,9.81E-01,1.78E-05,2.01E+01,2.34571E-05
1,1,185,1.00E-01,1.55E-05,2.02E+01,9.88E-01,1.80E-05,2.02E+01,1.90571E-05
1,1,186,1.00E-01,1.57E-05,2.03E+01,9.95E-01,1.83E-05,2.03E+01,1.98857E-05
1,1,187,1.00E-01,1.58E-05,2.04E+01,1.00E+00,1.85E-05,2.04E+01,2E-05
1,1,188,1.00E-01,1.59E-05,2.05E+01,1.01E+00,1.88E-05,2.05E+01,1.99857E-05
1,1,189,1.00E-01,1.61E-05,2.06E+01,1.02E+00,1.90E-05,2.06E+01,2.10714E-05
1,1,190,1.00E-01,1.62E-05,2.08E+01,1.02E+00,1.93E-05,2.08E+01,1.91143E-05
1,1,191,1.00E-01,1.64E-05,2.09E+01,1.03E+00,1.95E-05,2.09E+01,1.95857E-05
1,1,192,1.00E-01,1.65E-05,2.10E+01,1.04E+00,1.98E-05,2.10E+01,1.94429E-05
1,1,193,1.00E-01,1.66E-05,2.11E+01,1.04E+00,2.00E-05,2.11E+01,1.85143E-05
1,1,194,1.00E-01,1.68E-05,2.12E+01,1.05E+00,2.03E-05,2.12E+01,2.00571E-05
1,1,195,1.00E-01,1.69E-05,2.13E+01,1.06E+00,2.06E-05,2.13E+01,1.95286E-05
1,1,196,1.00E-01,1.70E-05,2.14E+01,1.07E+00,2.08E-05,2.14E+01,1.93571E-05
1,1,197,1.00E-01,1.72E-05,2.15E+01,1.07E+00,2.11E-05,2.15E+01,1.89571E-05
1,1,198,1.00E-01,1.73E-05,2.16E+01,1.08E+00,2.13E-05,2.16E+01,2.12571E-05
1,1,199,1.00E-01,1.75E-05,2.17E+01,1.09E+00,2.16E-05,2.17E+01,1.77E-05
1,1,200,1.00E-01,1.76E-05,2.18E+01,1.09E+00,2.19E-05,2.18E+01,1.75857E-05
1,1,201,1.00E-01,1.77E-05,2.19E+01,1.10E+00,2.21E-05,2.19E+01,#DIV/0!
1,1,202,1.00E-01,1.78E-05,2.20E+01,1.10E+00,2.20E-05,2.20E+01,4.3E-06
1,1,203,1.00E-01,1.77E-05,2.21E+01,1.09E+00,2.16E-05,2.21E+01,6.91429E-06
1,1,204,1.00E-01,1.77E-05,2.23E+01,1.09E+00,2.12E-05,2.23E+01,9.44286E-06
1,1,205,1.00E-01,1.76E-05,2.24E+01,1.08E+00,2.09E-05,2.24E+01,1.02429E-05
1,1,206,1.00E-01,1.76E-05,2.25E+01,1.07E+00,2.05E-05,2.25E+01,1.16857E-05
1,1,207,1.00E-01,1.75E-05,2.26E+01,1.07E+00,2.02E-05,2.26E+01,1.16286E-05
1,1,208,1.00E-01,1.74E-05,2.27E+01,1.06E+00,1.99E-05,2.27E+01,1.28429E-05
1,1,209,1.00E-01,1.73E-05,2.28E+01,1.05E+00,1.96E-05,2.28E+01,1.36286E-05
1,1,210,1.00E-01,1.72E-05,2.29E+01,1.04E+00,1.92E-05,2.29E+01,1.38E-05
1,1,211,1.00E-01,1.71E-05,2.30E+01,1.04E+00,1.89E-05,2.30E+01,1.52286E-05
1,1,212,1.00E-01,1.70E-05,2.31E+01,1.03E+00,1.86E-05,2.31E+01,1.61714E-05
1,1,213,1.00E-01,1.69E-05,2.32E+01,1.02E+00,1.84E-05,2.32E+01,1.44714E-05
1,1,214,1.00E-01,1.68E-05,2.33E+01,1.02E+00,1.81E-05,2.33E+01,1.60571E-05
1,1,215,1.00E-01,1.67E-05,2.34E+01,1.01E+00,1.78E-05,2.34E+01,1.59714E-05
1,1,216,1.00E-01,1.66E-05,2.35E+01,1.00E+00,1.75E-05,2.35E+01,1.72832E-05
1,1,217,1.00E-01,1.64E-05,2.36E+01,9.95E-01,1.72E-05,2.36E+01,1.80026E-05
1,1,218,1.00E-01,1.63E-05,2.38E+01,9.88E-01,1.69E-05,2.38E+01,1.79571E-05
1,1,219,1.00E-01,1.62E-05,2.39E+01,9.81E-01,1.66E-05,2.39E+01,1.77546E-05
1,1,220,1.00E-01,1.61E-05,2.40E+01,9.74E-01,1.64E-05,2.40E+01,1.87857E-05
1,1,221,1.00E-01,1.59E-05,2.41E+01,9.67E-01,1.61E-05,2.41E+01,1.89741E-05
1,1,222,1.00E-01,1.58E-05,2.42E+01,9.60E-01,1.58E-05,2.42E+01,1.88143E-05
1,1,223,1.00E-01,1.57E-05,2.43E+01,9.53E-01,1.56E-05,2.43E+01,1.96429E-05
1,1,224,1.00E-01,1.55E-05,2.44E+01,9.46E-01,1.53E-05,2.44E+01,1.94E-05
1,1,225,1.00E-01,1.54E-05,2.45E+01,9.39E-01,1.51E-05,2.45E+01,1.98143E-05
1,1,226,1.00E-01,1.53E-05,2.46E+01,9.32E-01,1.48E-05,2.46E+01,2.27571E-05
1,1,227,1.00E-01,1.51E-05,2.47E+01,9.25E-01,1.46E-05,2.47E+01,1.83571E-05
1,1,228,1.00E-01,1.50E-05,2.48E+01,9.18E-01,1.43E-05,2.48E+01,2.03286E-05
1,1,229,1.00E-01,1.48E-05,2.49E+01,9.11E-01,1.41E-05,2.49E+01,2.04143E-05
1,1,230,1.00E-01,1.47E-05,2.50E+01,9.04E-01,1.38E-05,2.50E+01,2.09714E-05
1,1,231,1.00E-01,1.45E-05,2.51E+01,8.97E-01,1.36E-05,2.51E+01,2.10714E-05
1,1,232,1.00E-01,1.44E-05,2.53E+01,8.90E-01,1.33E-05,2.53E+01,2.05286E-05
1,1,233,1.00E-01,1.42E-05,2.54E+01,8.83E-01,1.31E-05,2.54E+01,2.04429E-05
1,1,234,1.00E-01,1.41E-05,2.55E+01,8.76E-01,1.28E-05,2.55E+01,2.09429E-05
1,1,235,1.00E-01,1.40E-05,2.56E+01,8.69E-01,1.26E-05,2.56E+01,2.08143E-05
1,1,236,1.00E-01,1.38E-05,2.57E+01,8.62E-01,1.24E-05,2.57E+01,2.15286E-05
1,1,237,1.00E-01,1.37E-05,2.58E+01,8.55E-01,1.21E-05,2.58E+01,2.05857E-05
1,1,238,1.00E-01,1.35E-05,2.59E+01,8.48E-01,1.19E-05,2.59E+01,1.97857E-05
1,1,239,1.00E-01,1.34E-05,2.60E+01,8.41E-01,1.17E-05,2.60E+01,1.95857E-05
1,1,240,1.00E-01,1.32E-05,2.61E+01,8.34E-01,1.14E-05,2.61E+01,2.10857E-05
1,1,241,1.00E-01,1.31E-05,2.62E+01,8.27E-01,1.12E-05,2.62E+01,1.72286E-05
1,1,242,1.00E-01,1.30E-05,2.63E+01,8.20E-01,1.10E-05,2.63E+01,1.70571E-05
1,1,243,1.00E-01,1.29E-05,2.64E+01,8.13E-01,1.08E-05,2.64E+01,1.63286E-05
1,1,244,1.00E-01,1.27E-05,2.65E+01,8.06E-01,1.05E-05,2.65E+01,0.0000161
1,1,245,1.00E-01,1.26E-05,2.67E+01,7.99E-01,1.03E-05,2.67E+01,1.56714E-05
1,1,246,1.00E-01,1.25E-05,2.68E+01,7.92E-01,1.01E-05,2.68E+01,1.42429E-05
1,1,247,1.00E-01,1.24E-05,2.69E+01,7.85E-01,9.85E-06,2.69E+01,1.39429E-05
1,1,248,1.00E-01,1.23E-05,2.70E+01,7.78E-01,9.63E-06,2.70E+01,1.2941E-05
1,1,249,1.00E-01,1.22E-05,2.71E+01,7.71E-01,9.41E-06,2.71E+01,1.16571E-05
1,1,250,1.00E-01,1.21E-05,2.72E+01,7.64E-01,9.19E-06,2.72E+01,1.01571E-05
1,1,251,1.00E-01,1.21E-05,2.73E+01,7.57E-01,8.97E-06,2.73E+01,8.85841E-06
1,1,252,1.00E-01,1.20E-05,2.74E+01,7.50E-01,8.75E-06,2.74E+01,7.58463E-06
1,1,253,1.00E-01,1.20E-05,2.75E+01,7.43E-01,8.54E-06,2.75E+01,6.81429E-06
1,1,254,1.00E-01,1.19E-05,2.76E+01,7.36E-01,8.32E-06,2.76E+01,6.08658E-06
1,1,255,1.00E-01,1.19E-05,2.77E+01,7.29E-01,8.14E-06,2.77E+01,3.01386E-06
1,1,256,1.00E-01,1.18E-05,2.78E+01,7.22E-01,7.91E-06,2.78E+01,2.5E-06
1,1,257,1.00E-01,1.18E-05,2.79E+01,7.15E-01,7.70E-06,2.79E+01,6.85812E-07
1,1,258,1.00E-01,1.18E-05,2.81E+01,7.08E-01,7.49E-06,2.81E+01,-8.71304E-07
1,1,259,1.00E-01,1.18E-05,2.82E+01,7.01E-01,7.28E-06,2.82E+01,-2.8E-06
1,1,260,1.00E-01,1.19E-05,2.83E+01,6.94E-01,7.09E-06,2.83E+01,-4.57208E-06
1,1,261,1.00E-01,1.19E-05,2.84E+01,6.87E-01,6.88E-06,2.84E+01,-6.89901E-06
1,1,262,1.00E-01,1.19E-05,2.85E+01,6.80E-01,6.68E-06,2.85E+01,-8.48693E-06
1,1,263,1.00E-01,1.20E-05,2.86E+01,6.73E-01,6.48E-06,2.86E+01,-0.0000108
1,1,264,1.00E-01,1.21E-05,2.87E+01,6.66E-01,6.29E-06,2.87E+01,-1.23E-05
1,1,265,1.00E-01,1.22E-05,2.88E+01,6.59E-01,6.09E-06,2.88E+01,-1.42123E-05
1,1,266,1.00E-01,1.23E-05,2.89E+01,6.52E-01,5.90E-06,2.89E+01,-1.64881E-05
1,1,267,1.00E-01,1.24E-05,2.90E+01,6.45E-01,5.71E-06,2.90E+01,-0.0000182
1,1,268,1.00E-01,1.25E-05,2.91E+01,6.38E-01,5.52E-06,2.91E+01,-2.09286E-05
1,1,269,1.00E-01,1.26E-05,2.92E+01,6.31E-01,5.37E-06,2.92E+01,-2.24143E-05
1,1,270,1.00E-01,1.28E-05,2.93E+01,6.24E-01,5.17E-06,2.93E+01,-2.44143E-05
1,1,271,1.00E-01,1.30E-05,2.94E+01,6.17E-01,4.98E-06,2.94E+01,-2.62391E-05
1,1,272,1.00E-01,1.32E-05,2.96E+01,6.10E-01,4.80E-06,2.96E+01,-2.83469E-05
1,1,273,1.00E-01,1.34E-05,2.97E+01,6.03E-01,4.63E-06,2.97E+01,-3.00143E-05
1,1,274,1.00E-01,1.36E-05,2.98E+01,5.96E-01,4.47E-06,2.98E+01,-3.08527E-05
1,1,275,1.00E-01,1.38E-05,2.99E+01,5.89E-01,4.29E-06,2.99E+01,-3.17903E-05
1,1,276,1.00E-01,1.40E-05,3.00E+01,5.82E-01,4.12E-06,3.00E+01,-3.35143E-05
1,1,277,1.00E-01,1.42E-05,3.01E+01,5.75E-01,3.95E-06,3.01E+01,-3.46286E-05
1,1,278,1.00E-01,1.45E-05,3.02E+01,5.68E-01,3.79E-06,3.02E+01,-3.51429E-05
1,1,279,1.00E-01,1.47E-05,3.03E+01,5.61E-01,3.63E-06,3.03E+01,-3.90571E-05
1,1,280,1.00E-01,1.50E-05,3.04E+01,5.54E-01,3.48E-06,3.04E+01,-3.84571E-05
1,1,281,1.00E-01,1.53E-05,3.05E+01,5.47E-01,3.32E-06,3.05E+01,-4.46857E-05
1,1,282,1.00E-01,1.56E-05,3.06E+01,5.40E-01,3.17E-06,3.06E+01,-4.81E-05
1,1,283,1.00E-01,1.59E-05,3.08E+01,5.33E-01,3.06E-06,3.08E+01,-4.45286E-05
1,1,284,1.00E-01,1.62E-05,3.09E+01,5.26E-01,2.89E-06,3.09E+01,-4.61E-05
1,1,285,1.00E-01,1.66E-05,3.10E+01,5.19E-01,2.74E-06,3.10E+01,-0.0000508
1,1,286,1.00E-01,1.69E-05,3.11E+01,5.12E-01,2.59E-06,3.11E+01,-5.04143E-05
1,1,287,1.00E-01,1.73E-05,3.12E+01,5.05E-01,2.46E-06,3.12E+01,-5.28E-05
1,1,288,1.00E-01,1.76E-05,3.13E+01,4.98E-01,2.33E-06,3.13E+01,-5.06E-05
1,1,289,1.00E-01,1.80E-05,3.14E+01,4.91E-01,2.19E-06,3.14E+01,-5.20429E-05
1,1,290,1.00E-01,1.83E-05,3.15E+01,4.84E-01,2.06E-06,3.15E+01,-5.33E-05
1,1,291,1.00E-01,1.87E-05,3.16E+01,4.77E-01,1.93E-06,3.16E+01,-5.34571E-05
1,1,292,1.00E-01,1.91E-05,3.17E+01,4.70E-01,1.81E-06,3.17E+01,-5.41923E-05
1,1,293,1.00E-01,1.95E-05,3.18E+01,4.63E-01,1.69E-06,3.18E+01,-5.66714E-05
1,1,294,1.00E-01,1.99E-05,3.19E+01,4.56E-01,1.57E-06,3.19E+01,-5.63857E-05
1,1,295,1.00E-01,2.03E-05,3.20E+01,4.49E-01,1.46E-06,3.20E+01,-5.58286E-05
1,1,296,1.00E-01,2.07E-05,3.21E+01,4.42E-01,1.35E-06,3.21E+01,-6.32233E-05
1,1,297,1.00E-01,2.11E-05,3.23E+01,4.35E-01,1.28E-06,3.23E+01,-5.46922E-05
1,1,298,1.00E-01,2.15E-05,3.24E+01,4.28E-01,1.15E-06,3.24E+01,-5.63286E-05
1,1,299,1.00E-01,2.19E-05,3.25E+01,4.21E-01,1.04E-06,3.25E+01,-5.89974E-05
1,1,300,1.00E-01,2.23E-05,3.26E+01,4.14E-01,9.41E-07,3.26E+01,-5.80857E-05
1,1,301,1.00E-01,2.27E-05,3.27E+01,4.07E-01,8.39E-07,3.27E+01,-5.96571E-05
1,1,302,1.00E-01,2.31E-05,3.28E+01,4.00E-01,7.56E-07,3.28E+01,-5.81857E-05
1,1,303,1.00E-01,2.35E-05,3.29E+01,3.93E-01,6.59E-07,3.29E+01,-5.73714E-05
1,1,304,1.00E-01,2.39E-05,3.30E+01,3.86E-01,5.68E-07,3.30E+01,-5.90857E-05
1,1,305,1.00E-01,2.43E-05,3.31E+01,3.79E-01,4.82E-07,3.31E+01,-5.85143E-05
1,1,306,1.00E-01,2.47E-05,3.32E+01,3.72E-01,3.99E-07,3.32E+01,-5.87286E-05
1,1,307,1.00E-01,2.52E-05,3.33E+01,3.65E-01,3.20E-07,3.33E+01,-5.82631E-05
1,1,308,1.00E-01,2.56E-05,3.34E+01,3.58E-01,2.42E-07,3.34E+01,-5.86512E-05
1,1,309,1.00E-01,2.60E-05,3.35E+01,3.51E-01,1.67E-07,3.35E+01,-7.10143E-05
1,1,310,1.00E-01,2.65E-05,3.37E+01,3.44E-01,2.02E-07,3.37E+01,-6.53286E-05
1,1,311,1.00E-01,2.69E-05,3.39E+01,3.37E-01,1.73E-07,3.39E+01,-5.44985E-05
1,1,312,1.00E-01,2.73E-05,3.40E+01,3.30E-01,5.53E-08,3.40E+01,-5.61213E-05
1,1,313,1.00E-01,2.77E-05,3.41E+01,3.23E-01,-2.34E-08,3.41E+01,-6.47432E-05
1,1,314,1.00E-01,2.82E-05,3.43E+01,3.16E-01,-2.53E-08,3.43E+01,-5.44377E-05
1,1,315,1.00E-01,2.85E-05,3.44E+01,3.09E-01,-1.35E-07,3.44E+01,-5.43857E-05
1,1,316,1.00E-01,2.89E-05,3.45E+01,3.02E-01,-2.24E-07,3.45E+01,-5.59E-05
1,1,317,1.00E-01,2.93E-05,3.46E+01,2.95E-01,-2.96E-07,3.46E+01,-5.62205E-05
1,1,318,1.00E-01,2.97E-05,3.47E+01,2.88E-01,-3.63E-07,3.47E+01,-5.69571E-05
1,1,319,1.00E-01,3.01E-05,3.48E+01,2.81E-01,-4.14E-07,3.48E+01,-5.52936E-05
1,1,320,1.00E-01,3.05E-05,3.49E+01,2.74E-01,-4.79E-07,3.49E+01,-5.43065E-05
1,1,321,1.00E-01,3.09E-05,3.50E+01,2.67E-01,-5.40E-07,3.50E+01,-5.64081E-05
1,1,322,1.00E-01,3.13E-05,3.51E+01,2.60E-01,-5.85E-07,3.51E+01,-5.93286E-05
1,1,323,1.00E-01,3.17E-05,3.53E+01,2.53E-01,-5.94E-07,3.53E+01,-5.25571E-05
1,1,324,1.00E-01,3.20E-05,3.54E+01,2.46E-01,-6.73E-07,3.54E+01,-5.27571E-05
1,1,325,1.00E-01,3.24E-05,3.55E+01,2.39E-01,-7.37E-07,3.55E+01,-5.40714E-05
1,1,326,1.00E-01,3.28E-05,3.56E+01,2.32E-01,-7.98E-07,3.56E+01,-5.17719E-05
1,1,327,1.00E-01,3.32E-05,3.57E+01,2.25E-01,-8.64E-07,3.57E+01,-5.31286E-05
1,1,328,1.00E-01,3.35E-05,3.58E+01,2.18E-01,-9.20E-07,3.58E+01,-5.025E-05
1,1,329,1.00E-01,3.39E-05,3.59E+01,2.11E-01,-9.94E-07,3.59E+01,-5.06542E-05
1,1,330,1.00E-01,3.42E-05,3.60E+01,2.04E-01,-1.07E-06,3.60E+01,-0.0000499
1,1,331,1.00E-01,3.46E-05,3.61E+01,1.97E-01,-1.14E-06,3.61E+01,-5.47587E-05
1,1,332,1.00E-01,3.50E-05,3.63E+01,1.90E-01,-1.15E-06,3.63E+01,-4.46851E-05
1,1,333,1.00E-01,3.53E-05,3.64E+01,1.83E-01,-1.26E-06,3.64E+01,-4.65857E-05
1,1,334,1.00E-01,3.56E-05,3.65E+01,1.76E-01,-1.35E-06,3.65E+01,-4.72136E-05
1,1,335,1.00E-01,3.59E-05,3.66E+01,1.69E-01,-1.44E-06,3.66E+01,-4.59E-05
1,1,336,1.00E-01,3.63E-05,3.67E+01,1.62E-01,-1.52E-06,3.67E+01,-4.89007E-05
1,1,337,1.00E-01,3.66E-05,3.68E+01,1.55E-01,-1.59E-06,3.68E+01,-4.45136E-05
1,1,338,1.00E-01,3.69E-05,3.69E+01,1.48E-01,-1.69E-06,3.69E+01,-4.49578E-05
1,1,339,1.00E-01,3.72E-05,3.70E+01,1.41E-01,-1.79E-06,3.70E+01,-4.50857E-05
1,1,340,1.00E-01,3.75E-05,3.71E+01,1.34E-01,-1.88E-06,3.71E+01,-4.46714E-05
1,1,341,1.00E-01,3.79E-05,3.72E+01,1.27E-01,-1.98E-06,3.72E+01,-4.43422E-05
1,1,342,1.00E-01,3.82E-05,3.73E+01,1.20E-01,-2.08E-06,3.73E+01,-4.35714E-05
1,1,343,1.00E-01,3.85E-05,3.74E+01,1.13E-01,-2.18E-06,3.74E+01,-4.25006E-05
1,1,344,1.00E-01,3.88E-05,3.75E+01,1.06E-01,-2.28E-06,3.75E+01,-4.36565E-05
1,1,345,1.00E-01,3.91E-05,3.76E+01,9.90E-02,-2.38E-06,3.76E+01,-4.79007E-05
1,1,346,1.00E-01,3.94E-05,3.78E+01,9.20E-02,-2.43E-06,3.78E+01,-3.99851E-05
1,1,347,1.00E-01,3.97E-05,3.79E+01,8.50E-02,-2.56E-06,3.79E+01,-4.00577E-05
1,1,348,1.00E-01,4.00E-05,3.80E+01,7.80E-02,-2.67E-06,3.80E+01,-4.03857E-05
1,1,349,1.00E-01,4.03E-05,3.81E+01,7.10E-02,-2.79E-06,3.81E+01,-3.98851E-05
1,1,350,1.00E-01,4.05E-05,3.82E+01,6.40E-02,-2.90E-06,3.82E+01,-4.19863E-05
1,1,351,1.00E-01,4.08E-05,3.83E+01,5.70E-02,-2.98E-06,3.83E+01,-3.91571E-05
1,1,352,1.00E-01,4.11E-05,3.84E+01,5.00E-02,-3.10E-06,3.84E+01,-3.78709E-05
1,1,353,1.00E-01,4.14E-05,3.85E+01,4.30E-02,-3.21E-06,3.85E+01,-3.88714E-05
1,1,354,1.00E-01,4.16E-05,3.86E+01,3.60E-02,-3.32E-06,3.86E+01,-3.78429E-05
1,1,355,1.00E-01,4.19E-05,3.87E+01,2.90E-02,-3.43E-06,3.87E+01,-3.71714E-05
1,1,356,1.00E-01,4.22E-05,3.88E+01,2.20E-02,-3.54E-06,3.88E+01,-3.54719E-05
1,1,357,1.00E-01,4.24E-05,3.89E+01,1.50E-02,-3.65E-06,3.89E+01,-3.63143E-05
1,1,358,1.00E-01,4.27E-05,3.90E+01,8.00E-03,-3.76E-06,3.90E+01,-3.59852E-05
1,1,359,1.00E-01,4.29E-05,3.91E+01,1.00E-03,-3.86E-06,3.91E+01,-3.93154E-05
1,1,360,1.00E-01,4.32E-05,3.93E+01,-6.00E-03,-3.89E-06,3.93E+01,-3.47419E-05
1,1,361,1.00E-01,4.34E-05,3.94E+01,-1.30E-02,-4.02E-06,3.94E+01,-3.49434E-05
1,1,362,1.00E-01,4.37E-05,3.95E+01,-2.00E-02,-4.13E-06,3.95E+01,-3.41281E-05
1,1,363,1.00E-01,4.39E-05,3.96E+01,-2.70E-02,-4.23E-06,3.96E+01,-3.57714E-05
1,1,364,1.00E-01,4.42E-05,3.97E+01,-3.40E-02,-4.33E-06,3.97E+01,-3.97149E-05
1,1,365,1.00E-01,4.44E-05,3.98E+01,-4.10E-02,-4.40E-06,3.98E+01,-3.50424E-05
1,1,366,1.00E-01,4.47E-05,3.99E+01,-4.80E-02,-4.49E-06,3.99E+01,-3.52E-05
1,1,367,1.00E-01,4.49E-05,4.00E+01,-5.50E-02,-4.59E-06,4.00E+01,-3.45143E-05
1,1,368,1.00E-01,4.52E-05,4.01E+01,-6.20E-02,-4.67E-06,4.01E+01,-3.39857E-05
1,1,369,1.00E-01,4.54E-05,4.02E+01,-6.90E-02,-4.76E-06,4.02E+01,-3.47852E-05
1,1,370,1.00E-01,4.57E-05,4.03E+01,-7.60E-02,-4.84E-06,4.03E+01,-3.32148E-05
1,1,371,1.00E-01,4.59E-05,4.04E+01,-8.30E-02,-4.92E-06,4.04E+01,-3.38286E-05
1,1,372,1.00E-01,4.61E-05,4.05E+01,-9.00E-02,-4.99E-06,4.05E+01,-3.36852E-05
1,1,373,1.00E-01,4.64E-05,4.06E+01,-9.70E-02,-5.07E-06,4.06E+01,-4.07577E-05
1,1,374,1.00E-01,4.67E-05,4.08E+01,-1.04E-01,-5.00E-06,4.08E+01,-3.27286E-05
1,1,375,1.00E-01,4.69E-05,4.09E+01,-1.11E-01,-5.10E-06,4.09E+01,-3.24143E-05
1,1,376,1.00E-01,4.71E-05,4.10E+01,-1.18E-01,-5.18E-06,4.10E+01,-3.17571E-05
1,1,377,1.00E-01,4.73E-05,4.11E+01,-1.25E-01,-5.24E-06,4.11E+01,-3.15567E-05
1,1,378,1.00E-01,4.75E-05,4.12E+01,-1.32E-01,-5.31E-06,4.12E+01,-3.22719E-05
1,1,379,1.00E-01,4.78E-05,4.13E+01,-1.39E-01,-5.35E-06,4.13E+01,-3.28995E-05
1,1,380,1.00E-01,4.80E-05,4.14E+01,-1.46E-01,-5.41E-06,4.14E+01,-3.31571E-05
1,1,381,1.00E-01,4.82E-05,4.15E+01,-1.53E-01,-5.47E-06,4.15E+01,-3.28719E-05
1,1,382,1.00E-01,4.85E-05,4.16E+01,-1.60E-01,-5.52E-06,4.16E+01,-3.24853E-05
1,1,383,1.00E-01,4.87E-05,4.17E+01,-1.67E-01,-5.57E-06,4.17E+01,-3.23719E-05
1,1,384,1.00E-01,4.89E-05,4.18E+01,-1.74E-01,-5.62E-06,4.18E+01,-3.10281E-05
1,1,385,1.00E-01,4.91E-05,4.19E+01,-1.81E-01,-5.67E-06,4.19E+01,-3.10281E-05
1,1,386,1.00E-01,4.94E-05,4.20E+01,-1.88E-01,-5.72E-06,4.20E+01,-2.97714E-05
1,1,387,1.00E-01,4.96E-05,4.21E+01,-1.95E-01,-5.77E-06,4.21E+01,-3.58439E-05
1,1,388,1.00E-01,4.98E-05,4.23E+01,-2.02E-01,-5.70E-06,4.23E+01,-2.89996E-05
1,1,389,1.00E-01,5.00E-05,4.24E+01,-2.09E-01,-5.78E-06,4.24E+01,-2.96122E-05
1,1,390,1.00E-01,5.02E-05,4.25E+01,-2.16E-01,-5.84E-06,4.25E+01,-2.98857E-05
1,1,391,1.00E-01,5.04E-05,4.26E+01,-2.23E-01,-5.90E-06,4.26E+01,-2.88714E-05
1,1,392,1.00E-01,5.06E-05,4.27E+01,-2.30E-01,-5.95E-06,4.27E+01,-3.07E-05
1,1,393,1.00E-01,5.09E-05,4.28E+01,-2.37E-01,-5.97E-06,4.28E+01,-2.89714E-05
1,1,394,1.00E-01,5.11E-05,4.29E+01,-2.44E-01,-6.03E-06,4.29E+01,-2.86714E-05
1,1,395,1.00E-01,5.13E-05,4.30E+01,-2.51E-01,-6.09E-06,4.30E+01,-2.82E-05
1,1,396,1.00E-01,5.15E-05,4.31E+01,-2.58E-01,-6.15E-06,4.31E+01,-2.80286E-05
1,1,397,1.00E-01,5.16E-05,4.32E+01,-2.65E-01,-6.21E-06,4.32E+01,-2.75857E-05
1,1,398,1.00E-01,5.18E-05,4.33E+01,-2.72E-01,-6.27E-06,4.33E+01,-2.76286E-05
1,1,399,1.00E-01,5.20E-05,4.34E+01,-2.79E-01,-6.33E-06,4.34E+01,-2.73571E-05
1,1,400,1.00E-01,5.22E-05,4.35E+01,-2.86E-01,-6.39E-06,4.35E+01,-2.66429E-05
1,1,401,1.00E-01,5.24E-05,4.37E+01,-2.93E-01,-6.46E-06,4.37E+01,-0.000178886
