Repeat,VAR2,Point,CH1 Voltage,CH1 Current,CH1 Time,CH2__GATE Voltage,CH2__GATE Current,CH2__GATE Time
1,1,1,100.00000E-003,761.50400E-006,187.84200E-003,-299.99900E-003,-378.16000E-009,187.84200E-003
1,1,2,100.00000E-003,759.74000E-006,416.86900E-003,-295.00000E-003,-220.14000E-009,416.86900E-003
1,1,3,100.00000E-003,757.31300E-006,542.65600E-003,-289.94500E-003,11.16900E-009,542.65600E-003
1,1,4,100.00000E-003,754.40200E-006,789.48100E-003,-285.00000E-003,-23.50000E-009,789.48100E-003
1,1,5,100.00000E-003,751.19600E-006,1.02024E+000,-280.00100E-003,24.79000E-009,1.02024E+000
1,1,6,100.00000E-003,748.52800E-006,1.12998E+000,-275.00200E-003,223.24800E-009,1.12998E+000
1,1,7,100.00000E-003,746.31300E-006,1.33495E+000,-270.01800E-003,245.72900E-009,1.33495E+000
1,1,8,100.00000E-003,743.84400E-006,1.44444E+000,-265.00100E-003,365.58800E-009,1.44444E+000
1,1,9,100.00000E-003,740.94000E-006,1.55599E+000,-259.99200E-003,465.54700E-009,1.55599E+000
1,1,10,100.00000E-003,737.77800E-006,1.66283E+000,-255.00000E-003,538.22000E-009,1.66283E+000
1,1,11,100.00000E-003,734.75600E-006,1.79176E+000,-249.99900E-003,562.86600E-009,1.79176E+000
1,1,12,100.00000E-003,732.57500E-006,1.90028E+000,-245.00000E-003,641.74000E-009,1.90028E+000
1,1,13,100.00000E-003,729.49300E-006,2.06158E+000,-240.00200E-003,578.77000E-009,2.06158E+000
1,1,14,100.00000E-003,726.45000E-006,2.16845E+000,-234.99900E-003,710.44000E-009,2.16845E+000
1,1,15,100.00000E-003,723.48000E-006,2.28542E+000,-230.00000E-003,751.82000E-009,2.28542E+000
1,1,16,100.00000E-003,720.46700E-006,2.39233E+000,-225.00000E-003,830.60000E-009,2.39233E+000
1,1,17,99.99990E-003,717.24300E-006,2.49923E+000,-220.00000E-003,890.64000E-009,2.49923E+000
1,1,18,100.00000E-003,714.07700E-006,2.60609E+000,-214.99900E-003,944.88000E-009,2.60609E+000
1,1,19,100.00000E-003,712.03400E-006,2.71293E+000,-209.99920E-003,984.63000E-009,2.71293E+000
1,1,20,100.00000E-003,709.90700E-006,2.83004E+000,-204.99960E-003,1.01655E-006,2.83004E+000
1,1,21,100.00000E-003,706.70600E-006,2.93690E+000,-199.99930E-003,1.07296E-006,2.93690E+000
1,1,22,100.00000E-003,703.93400E-006,3.04379E+000,-194.99940E-003,1.11994E-006,3.04379E+000
1,1,23,100.00000E-003,701.08100E-006,3.15074E+000,-189.99940E-003,1.16690E-006,3.15074E+000
1,1,24,100.00000E-003,697.91500E-006,3.29731E+000,-184.99960E-003,1.09239E-006,3.29731E+000
1,1,25,100.00000E-003,694.72500E-006,3.40450E+000,-179.99920E-003,1.19489E-006,3.40450E+000
1,1,26,100.00000E-003,691.63800E-006,3.51134E+000,-174.99910E-003,1.25415E-006,3.51134E+000
1,1,27,100.00000E-003,688.22500E-006,3.61826E+000,-169.99910E-003,1.30606E-006,3.61826E+000
1,1,28,100.00000E-003,685.45000E-006,3.72512E+000,-164.99910E-003,1.34992E-006,3.72512E+000
1,1,29,100.00000E-003,682.19200E-006,3.83326E+000,-159.99910E-003,1.39225E-006,3.83326E+000
1,1,30,100.00000E-003,679.27500E-006,3.94012E+000,-154.99900E-003,1.43295E-006,3.94012E+000
1,1,31,100.00000E-003,676.21800E-006,4.04695E+000,-149.99890E-003,1.47239E-006,4.04695E+000
1,1,32,100.00000E-003,673.25500E-006,4.15382E+000,-144.99910E-003,1.50852E-006,4.15382E+000
1,1,33,100.00000E-003,669.95900E-006,4.29114E+000,-139.99920E-003,1.44263E-006,4.29114E+000
1,1,34,99.99990E-003,666.89400E-006,4.39871E+000,-134.99900E-003,1.52883E-006,4.39871E+000
1,1,35,100.00000E-003,663.29000E-006,4.50555E+000,-129.99890E-003,1.58133E-006,4.50555E+000
1,1,36,100.00000E-003,660.33800E-006,4.61235E+000,-124.99900E-003,1.62016E-006,4.61235E+000
1,1,37,100.00000E-003,657.25000E-006,4.71922E+000,-119.99910E-003,1.65801E-006,4.71922E+000
1,1,38,100.00000E-003,653.91600E-006,4.83440E+000,-114.99880E-003,1.67799E-006,4.83440E+000
1,1,39,100.00000E-003,651.18800E-006,4.94129E+000,-109.99890E-003,1.71147E-006,4.94129E+000
1,1,40,100.00000E-003,648.09300E-006,5.04858E+000,-104.99880E-003,1.74091E-006,5.04858E+000
1,1,41,100.00000E-003,644.84700E-006,5.15553E+000,-99.99890E-003,1.76975E-006,5.15553E+000
1,1,42,100.00000E-003,641.54700E-006,5.29844E+000,-94.99950E-003,1.67369E-006,5.29844E+000
1,1,43,100.00000E-003,638.24300E-006,5.40532E+000,-89.99890E-003,1.75673E-006,5.40532E+000
1,1,44,100.00000E-003,635.34100E-006,5.51215E+000,-84.99900E-003,1.79465E-006,5.51215E+000
1,1,45,100.00000E-003,632.32900E-006,5.61900E+000,-79.99900E-003,1.82665E-006,5.61900E+000
1,1,46,100.00000E-003,629.12900E-006,5.72588E+000,-74.99900E-003,1.85223E-006,5.72588E+000
1,1,47,100.00000E-003,625.37500E-006,5.83888E+000,-69.99890E-003,1.86542E-006,5.83888E+000
1,1,48,100.00000E-003,621.76200E-006,5.94573E+000,-64.99890E-003,1.88812E-006,5.94573E+000
1,1,49,100.00000E-003,618.41300E-006,6.05259E+000,-59.99920E-003,1.90605E-006,6.05259E+000
1,1,50,100.00000E-003,614.91500E-006,6.15947E+000,-54.99900E-003,1.92533E-006,6.15947E+000
1,1,51,100.00000E-003,611.78000E-006,6.29676E+000,-49.99920E-003,1.83470E-006,6.29676E+000
1,1,52,100.00000E-003,608.45900E-006,6.40367E+000,-44.99870E-003,1.89949E-006,6.40367E+000
1,1,53,100.00000E-003,605.49200E-006,6.51382E+000,-39.99950E-003,1.90820E-006,6.51382E+000
1,1,54,100.00000E-003,602.38800E-006,6.62423E+000,-34.99880E-003,1.92368E-006,6.62423E+000
1,1,55,100.00000E-003,598.96100E-006,6.73107E+000,-29.99850E-003,1.94812E-006,6.73107E+000
1,1,56,100.00000E-003,595.70500E-006,6.84273E+000,-24.99870E-003,1.95389E-006,6.84273E+000
1,1,57,100.00000E-003,592.54200E-006,6.94959E+000,-19.99860E-003,1.96782E-006,6.94959E+000
1,1,58,100.00000E-003,589.12200E-006,7.05643E+000,-14.99860E-003,1.97938E-006,7.05643E+000
1,1,59,100.00000E-003,585.91100E-006,7.16363E+000,-9.99870E-003,1.98685E-006,7.16363E+000
1,1,60,100.00000E-003,583.15400E-006,7.30608E+000,-4.99960E-003,1.87659E-006,7.30608E+000
1,1,61,100.00000E-003,580.16000E-006,7.41305E+000,1.30000E-006,1.93813E-006,7.41305E+000
1,1,62,100.00000E-003,577.03200E-006,7.51991E+000,5.00120E-003,1.95795E-006,7.51991E+000
1,1,63,100.00000E-003,574.01700E-006,7.62674E+000,10.00120E-003,1.97133E-006,7.62674E+000
1,1,64,100.00000E-003,570.65600E-006,7.73770E+000,15.00060E-003,1.96492E-006,7.73770E+000
1,1,65,100.00000E-003,567.00200E-006,7.85522E+000,20.00040E-003,1.95920E-006,7.85522E+000
1,1,66,100.00000E-003,563.86900E-006,7.96204E+000,25.00100E-003,1.97555E-006,7.96204E+000
1,1,67,100.00000E-003,560.58900E-006,8.07024E+000,30.00090E-003,1.98360E-006,8.07024E+000
1,1,68,100.00000E-003,557.38800E-006,8.17709E+000,35.00120E-003,1.99187E-006,8.17709E+000
1,1,69,100.00000E-003,553.96200E-006,8.30449E+000,40.00090E-003,1.92942E-006,8.30449E+000
1,1,70,100.00000E-003,550.68500E-006,8.41135E+000,45.00120E-003,1.96906E-006,8.41135E+000
1,1,71,100.00000E-003,547.36700E-006,8.51827E+000,50.00120E-003,1.98198E-006,8.51827E+000
1,1,72,100.00000E-003,543.89700E-006,8.62515E+000,55.00100E-003,1.99244E-006,8.62515E+000
1,1,73,100.00000E-003,540.55900E-006,8.73583E+000,60.00110E-003,1.98863E-006,8.73583E+000
1,1,74,100.00000E-003,537.24200E-006,8.84793E+000,65.00110E-003,1.99307E-006,8.84793E+000
1,1,75,100.00000E-003,534.03500E-006,8.95479E+000,70.00100E-003,2.00557E-006,8.95479E+000
1,1,76,100.00000E-003,530.83700E-006,9.06165E+000,75.00090E-003,2.01343E-006,9.06165E+000
1,1,77,100.00000E-003,527.76600E-006,9.16927E+000,80.00110E-003,2.02200E-006,9.16927E+000
1,1,78,100.00000E-003,524.56000E-006,9.30534E+000,85.00090E-003,1.94417E-006,9.30534E+000
1,1,79,100.00000E-003,521.39100E-006,9.41223E+000,90.00120E-003,2.00138E-006,9.41223E+000
1,1,80,100.00000E-003,518.43600E-006,9.51930E+000,95.00110E-003,2.03593E-006,9.51930E+000
1,1,81,100.00000E-003,515.22000E-006,9.62618E+000,100.00140E-003,2.07394E-006,9.62618E+000
1,1,82,100.00000E-003,511.92300E-006,9.73305E+000,105.00140E-003,2.07795E-006,9.73305E+000
1,1,83,100.00000E-003,508.67600E-006,9.85112E+000,110.00110E-003,2.08171E-006,9.85112E+000
1,1,84,100.00000E-003,505.46500E-006,9.95799E+000,115.00120E-003,2.07963E-006,9.95799E+000
1,1,85,100.00000E-003,502.32100E-006,10.06484E+000,120.00120E-003,2.09517E-006,10.06484E+000
1,1,86,100.00000E-003,499.23900E-006,10.17173E+000,125.00100E-003,2.10885E-006,10.17173E+000
1,1,87,100.00000E-003,496.00200E-006,10.31316E+000,130.00020E-003,2.04927E-006,10.31316E+000
1,1,88,100.00000E-003,492.88500E-006,10.42011E+000,135.00090E-003,2.15620E-006,10.42011E+000
1,1,89,100.00000E-003,489.90400E-006,10.53030E+000,140.00020E-003,2.23763E-006,10.53030E+000
1,1,90,100.00000E-003,486.73800E-006,10.63718E+000,145.00100E-003,2.29913E-006,10.63718E+000
1,1,91,100.00000E-003,483.70900E-006,10.74416E+000,150.00080E-003,2.36003E-006,10.74416E+000
1,1,92,100.00000E-003,480.43500E-006,10.85400E+000,155.00090E-003,2.55838E-006,10.85400E+000
1,1,93,100.00000E-003,477.47000E-006,10.96082E+000,160.00090E-003,2.83882E-006,10.96082E+000
1,1,94,100.00000E-003,474.39100E-006,11.06768E+000,165.00120E-003,3.31896E-006,11.06768E+000
1,1,95,100.00000E-003,471.56500E-006,11.17455E+000,170.00090E-003,3.63658E-006,11.17455E+000
1,1,96,100.00000E-003,468.85300E-006,11.31314E+000,175.00170E-003,3.65540E-006,11.31314E+000
1,1,97,100.00000E-003,466.09600E-006,11.42404E+000,179.99990E-003,4.29683E-006,11.42404E+000
1,1,98,100.00000E-003,463.45600E-006,11.53109E+000,185.00240E-003,4.36983E-006,11.53109E+000
1,1,99,100.00000E-003,460.84800E-006,11.63806E+000,190.00120E-003,4.04387E-006,11.63806E+000
1,1,100,100.00000E-003,458.34400E-006,11.74492E+000,195.00200E-003,4.38372E-006,11.74492E+000
1,1,101,100.00000E-003,455.71700E-006,11.85548E+000,200.00200E-003,3.78021E-006,11.85548E+000
1,1,102,100.00000E-003,453.27300E-006,11.96237E+000,205.00020E-003,4.13560E-006,11.96237E+000
1,1,103,100.00000E-003,451.05400E-006,12.06924E+000,210.00350E-003,3.98232E-006,12.06924E+000
1,1,104,100.00000E-003,448.90300E-006,12.17611E+000,215.00100E-003,3.75168E-006,12.17611E+000
1,1,105,100.00000E-003,447.02400E-006,12.31700E+000,220.00200E-003,4.08168E-006,12.31700E+000
1,1,106,100.00000E-003,445.29400E-006,12.42390E+000,225.00300E-003,4.00244E-006,12.42390E+000
1,1,107,100.00000E-003,443.74600E-006,12.53079E+000,230.00200E-003,4.33583E-006,12.53079E+000
1,1,108,100.00000E-003,442.32300E-006,12.64164E+000,235.00100E-003,4.64730E-006,12.64164E+000
1,1,109,100.00000E-003,441.04400E-006,12.74850E+000,240.00200E-003,4.66802E-006,12.74850E+000
1,1,110,100.00000E-003,440.05300E-006,12.85981E+000,245.00100E-003,4.95695E-006,12.85981E+000
1,1,111,100.00000E-003,439.23900E-006,12.96665E+000,250.00200E-003,4.39463E-006,12.96665E+000
1,1,112,100.00000E-003,438.65900E-006,13.07358E+000,255.00100E-003,5.03501E-006,13.07358E+000
1,1,113,100.00000E-003,438.30300E-006,13.18046E+000,260.00100E-003,5.12065E-006,13.18046E+000
1,1,114,100.00000E-003,438.48100E-006,13.31919E+000,265.00200E-003,4.98045E-006,13.31919E+000
1,1,115,100.00000E-003,438.36900E-006,13.42869E+000,270.00000E-003,4.89614E-006,13.42869E+000
1,1,116,100.00000E-003,438.25000E-006,13.53555E+000,275.00100E-003,5.11595E-006,13.53555E+000
1,1,117,100.00000E-003,438.78600E-006,13.64476E+000,280.00200E-003,4.89842E-006,13.64476E+000
1,1,118,100.00000E-003,439.36400E-006,13.75160E+000,285.00200E-003,4.91914E-006,13.75160E+000
1,1,119,100.00000E-003,440.13400E-006,13.86023E+000,290.00200E-003,5.22263E-006,13.86023E+000
1,1,120,99.99990E-003,441.06200E-006,13.97080E+000,295.00100E-003,5.25329E-006,13.97080E+000
1,1,121,99.99990E-003,442.08400E-006,14.07827E+000,300.00100E-003,5.35297E-006,14.07827E+000
1,1,122,100.00000E-003,443.14000E-006,14.18514E+000,305.00200E-003,5.56558E-006,14.18514E+000
1,1,123,100.00000E-003,444.21600E-006,14.32062E+000,310.00300E-003,5.54381E-006,14.32062E+000
1,1,124,100.00000E-003,445.48200E-006,14.42987E+000,315.00000E-003,5.73125E-006,14.42987E+000
1,1,125,100.00000E-003,446.71900E-006,14.53909E+000,320.00000E-003,6.10424E-006,14.53909E+000
1,1,126,100.00000E-003,448.16200E-006,14.64826E+000,325.00100E-003,6.13197E-006,14.64826E+000
1,1,127,100.00000E-003,449.70700E-006,14.75743E+000,330.00000E-003,6.75416E-006,14.75743E+000
1,1,128,100.00000E-003,451.08000E-006,14.87096E+000,335.00000E-003,6.53928E-006,14.87096E+000
1,1,129,100.00000E-003,452.49700E-006,14.98341E+000,340.00000E-003,6.78137E-006,14.98341E+000
1,1,130,100.00000E-003,453.93200E-006,15.09446E+000,344.99800E-003,7.11798E-006,15.09446E+000
1,1,131,100.00000E-003,455.52300E-006,15.20364E+000,350.00000E-003,7.27131E-006,15.20364E+000
1,1,132,99.99990E-003,457.06900E-006,15.32686E+000,355.00100E-003,7.66740E-006,15.32686E+000
1,1,133,100.00000E-003,458.51300E-006,15.43605E+000,360.00000E-003,7.56521E-006,15.43605E+000
1,1,134,100.00000E-003,460.10900E-006,15.54520E+000,365.00100E-003,7.86154E-006,15.54520E+000
1,1,135,100.00000E-003,461.89600E-006,15.65438E+000,369.99900E-003,8.14317E-006,15.65438E+000
1,1,136,99.99990E-003,463.44100E-006,15.76129E+000,375.00400E-003,8.64080E-006,15.76129E+000
1,1,137,100.00000E-003,465.23800E-006,15.87950E+000,380.00000E-003,8.60417E-006,15.87950E+000
1,1,138,100.00000E-003,467.02700E-006,15.98639E+000,385.00400E-003,8.85180E-006,15.98639E+000
1,1,139,100.00000E-003,468.73500E-006,16.08994E+000,390.00000E-003,9.17150E-006,16.08994E+000
1,1,140,100.00000E-003,470.30500E-006,16.19349E+000,395.00000E-003,9.61740E-006,16.19349E+000
1,1,141,100.00000E-003,472.05900E-006,16.32778E+000,400.00000E-003,10.12330E-006,16.32778E+000
1,1,142,99.99990E-003,473.68600E-006,16.43134E+000,405.00000E-003,10.43500E-006,16.43134E+000
1,1,143,100.00000E-003,475.43200E-006,16.53493E+000,410.00000E-003,10.30910E-006,16.53493E+000
1,1,144,100.00000E-003,477.01400E-006,16.63854E+000,415.00000E-003,10.57980E-006,16.63854E+000
1,1,145,100.00000E-003,478.58400E-006,16.74209E+000,420.00000E-003,10.81940E-006,16.74209E+000
1,1,146,100.00000E-003,480.37100E-006,16.86631E+000,425.00000E-003,11.13180E-006,16.86631E+000
1,1,147,100.00000E-003,482.19800E-006,16.96986E+000,430.00000E-003,11.47340E-006,16.96986E+000
1,1,148,100.00000E-003,483.76400E-006,17.07343E+000,435.00000E-003,11.86620E-006,17.07343E+000
1,1,149,100.00000E-003,485.55900E-006,17.17700E+000,440.00000E-003,12.18000E-006,17.17700E+000
1,1,150,100.00000E-003,487.36300E-006,17.28056E+000,445.00000E-003,12.55280E-006,17.28056E+000
1,1,151,100.00000E-003,489.28300E-006,17.38413E+000,450.00000E-003,12.74470E-006,17.38413E+000
1,1,152,100.00000E-003,491.08800E-006,17.48768E+000,455.00000E-003,13.14070E-006,17.48768E+000
1,1,153,100.00000E-003,492.75600E-006,17.59148E+000,460.00000E-003,13.39530E-006,17.59148E+000
1,1,154,99.99990E-003,494.52500E-006,17.69501E+000,465.00000E-003,13.83100E-006,17.69501E+000
1,1,155,99.99990E-003,496.47500E-006,17.83369E+000,470.00000E-003,14.02000E-006,17.83369E+000
1,1,156,99.99990E-003,498.26300E-006,17.93725E+000,475.00000E-003,14.45590E-006,17.93725E+000
1,1,157,100.00000E-003,499.97400E-006,18.04082E+000,480.00000E-003,14.94650E-006,18.04082E+000
1,1,158,100.00000E-003,502.14700E-006,18.14437E+000,485.00100E-003,15.29880E-006,18.14437E+000
1,1,159,100.00000E-003,504.18400E-006,18.24795E+000,490.00000E-003,15.70250E-006,18.24795E+000
1,1,160,100.00000E-003,506.29100E-006,18.37031E+000,494.99900E-003,16.37480E-006,18.37031E+000
1,1,161,100.00000E-003,508.19400E-006,18.47389E+000,500.00200E-003,16.79450E-006,18.47389E+000
1,1,162,100.00000E-003,510.08800E-006,18.57746E+000,505.00100E-003,16.86750E-006,18.57746E+000
1,1,163,100.00000E-003,511.92100E-006,18.68099E+000,510.00000E-003,17.23010E-006,18.68099E+000
1,1,164,100.00000E-003,513.88600E-006,18.78460E+000,515.00000E-003,17.64350E-006,18.78460E+000
1,1,165,100.00000E-003,515.95000E-006,18.88940E+000,520.00000E-003,18.07450E-006,18.88940E+000
1,1,166,100.00000E-003,518.04800E-006,18.99296E+000,525.00100E-003,18.53340E-006,18.99296E+000
1,1,167,100.00000E-003,520.03400E-006,19.09653E+000,530.00000E-003,18.98110E-006,19.09653E+000
1,1,168,100.00000E-003,522.00000E-006,19.20007E+000,535.00000E-003,19.43850E-006,19.20007E+000
1,1,169,100.00000E-003,523.81400E-006,19.33162E+000,540.00000E-003,19.93390E-006,19.33162E+000
1,1,170,100.00000E-003,525.76300E-006,19.43521E+000,545.00100E-003,20.28610E-006,19.43521E+000
1,1,171,100.00000E-003,527.99000E-006,19.53880E+000,550.00000E-003,20.75470E-006,19.53880E+000
1,1,172,100.00000E-003,530.16900E-006,19.64233E+000,555.00000E-003,21.19220E-006,19.64233E+000
1,1,173,100.00000E-003,532.45400E-006,19.74588E+000,560.00000E-003,21.65820E-006,19.74588E+000
1,1,174,100.00000E-003,534.86500E-006,19.85026E+000,565.00000E-003,22.13230E-006,19.85026E+000
1,1,175,100.00000E-003,536.92700E-006,19.95382E+000,570.00000E-003,23.03780E-006,19.95382E+000
1,1,176,100.00000E-003,539.21000E-006,20.05739E+000,575.00000E-003,23.09920E-006,20.05739E+000
1,1,177,100.00000E-003,541.60400E-006,20.16156E+000,580.00100E-003,23.58020E-006,20.16156E+000
1,1,178,100.00000E-003,543.89100E-006,20.26511E+000,585.00000E-003,24.07700E-006,20.26511E+000
1,1,179,100.00000E-003,546.22900E-006,20.37569E+000,590.00000E-003,24.54580E-006,20.37569E+000
1,1,180,100.00000E-003,548.37200E-006,20.47924E+000,595.00000E-003,25.04540E-006,20.47924E+000
1,1,181,100.00000E-003,550.97900E-006,20.58278E+000,600.00000E-003,25.55280E-006,20.58278E+000
1,1,182,100.00000E-003,553.41200E-006,20.68634E+000,605.00000E-003,26.06070E-006,20.68634E+000
1,1,183,100.00000E-003,555.81100E-006,20.79180E+000,610.00000E-003,26.56430E-006,20.79180E+000
1,1,184,100.00000E-003,557.78200E-006,20.89539E+000,615.00000E-003,27.09180E-006,20.89539E+000
1,1,185,100.00000E-003,560.10200E-006,20.99895E+000,620.00000E-003,27.60990E-006,20.99895E+000
1,1,186,100.00000E-003,562.66700E-006,21.10251E+000,625.00000E-003,28.13910E-006,21.10251E+000
1,1,187,100.00000E-003,565.17200E-006,21.20626E+000,630.00000E-003,28.68400E-006,21.20626E+000
1,1,188,99.99990E-003,567.64600E-006,21.34103E+000,635.00000E-003,29.21290E-006,21.34103E+000
1,1,189,100.00000E-003,570.27700E-006,21.44461E+000,640.00000E-003,29.70200E-006,21.44461E+000
1,1,190,100.00000E-003,572.94000E-006,21.54818E+000,645.00000E-003,30.27500E-006,21.54818E+000
1,1,191,100.00000E-003,575.48900E-006,21.65172E+000,650.00000E-003,31.03510E-006,21.65172E+000
1,1,192,99.99990E-003,577.73700E-006,21.75529E+000,655.00300E-003,31.59180E-006,21.75529E+000
1,1,193,99.99990E-003,580.76800E-006,21.87964E+000,660.00000E-003,32.27290E-006,21.87964E+000
1,1,194,99.99990E-003,583.31700E-006,21.98320E+000,665.00000E-003,32.50740E-006,21.98320E+000
1,1,195,100.00000E-003,586.06800E-006,22.08676E+000,670.00000E-003,33.11530E-006,22.08676E+000
1,1,196,100.00000E-003,588.53900E-006,22.19031E+000,675.00000E-003,33.73520E-006,22.19031E+000
1,1,197,100.00000E-003,591.01200E-006,22.29536E+000,680.00000E-003,34.39080E-006,22.29536E+000
1,1,198,100.00000E-003,593.71800E-006,22.39896E+000,685.00000E-003,34.98760E-006,22.39896E+000
1,1,199,100.00000E-003,596.54500E-006,22.50252E+000,690.00100E-003,35.68610E-006,22.50252E+000
1,1,200,100.00000E-003,598.95800E-006,22.60632E+000,695.00000E-003,36.27810E-006,22.60632E+000
1,1,201,100.00000E-003,601.35500E-006,22.70991E+000,700.00000E-003,36.93930E-006,22.70991E+000
1,1,202,100.00000E-003,602.02400E-006,22.84268E+000,700.00000E-003,36.49150E-006,22.84268E+000
1,1,203,100.00000E-003,600.08400E-006,22.94627E+000,695.00000E-003,35.22820E-006,22.94627E+000
1,1,204,100.00000E-003,597.93600E-006,23.04982E+000,690.00000E-003,34.13580E-006,23.04982E+000
1,1,205,100.00000E-003,596.11300E-006,23.15430E+000,685.00000E-003,33.13890E-006,23.15430E+000
1,1,206,100.00000E-003,594.00100E-006,23.28063E+000,679.99900E-003,32.20220E-006,23.28063E+000
1,1,207,100.00000E-003,592.31400E-006,23.39450E+000,674.99900E-003,31.31330E-006,23.39450E+000
1,1,208,100.00000E-003,590.23700E-006,23.49807E+000,669.99900E-003,30.40900E-006,23.49807E+000
1,1,209,100.00000E-003,588.24100E-006,23.60165E+000,665.00000E-003,29.56860E-006,23.60165E+000
1,1,210,100.00000E-003,586.24600E-006,23.70517E+000,659.99900E-003,28.77500E-006,23.70517E+000
1,1,211,100.00000E-003,584.30100E-006,23.84277E+000,655.00000E-003,28.04510E-006,23.84277E+000
1,1,212,100.00000E-003,582.30200E-006,23.94636E+000,649.99900E-003,27.25860E-006,23.94636E+000
1,1,213,100.00000E-003,580.15600E-006,24.04995E+000,645.00000E-003,26.53000E-006,24.04995E+000
1,1,214,100.00000E-003,578.02600E-006,24.15355E+000,639.99900E-003,25.83640E-006,24.15355E+000
1,1,215,99.99990E-003,575.84200E-006,24.25890E+000,634.99900E-003,25.17290E-006,24.25890E+000
1,1,216,100.00000E-003,574.11300E-006,24.38744E+000,630.00000E-003,24.50940E-006,24.38744E+000
1,1,217,100.00000E-003,572.18600E-006,24.49099E+000,624.99900E-003,23.86150E-006,24.49099E+000
1,1,218,100.00000E-003,569.92900E-006,24.59456E+000,620.00000E-003,23.23580E-006,24.59456E+000
1,1,219,100.00000E-003,567.87300E-006,24.69965E+000,614.99900E-003,22.64110E-006,24.69965E+000
1,1,220,100.00000E-003,565.49800E-006,24.80323E+000,609.99900E-003,22.04390E-006,24.80323E+000
1,1,221,99.99990E-003,563.51300E-006,24.90680E+000,605.00000E-003,21.47080E-006,24.90680E+000
1,1,222,100.00000E-003,561.71400E-006,25.01036E+000,600.00000E-003,20.90980E-006,25.01036E+000
1,1,223,100.00000E-003,559.61700E-006,25.11393E+000,594.99900E-003,20.36720E-006,25.11393E+000
1,1,224,100.00000E-003,557.60600E-006,25.21801E+000,589.99900E-003,19.83840E-006,25.21801E+000
1,1,225,100.00000E-003,555.34200E-006,25.34868E+000,584.99900E-003,19.36190E-006,25.34868E+000
1,1,226,100.00000E-003,553.09300E-006,25.45232E+000,580.00000E-003,18.81210E-006,25.45232E+000
1,1,227,100.00000E-003,551.01900E-006,25.55589E+000,575.00000E-003,18.30680E-006,25.55589E+000
1,1,228,100.00000E-003,548.90000E-006,25.65942E+000,569.99900E-003,17.81580E-006,25.65942E+000
1,1,229,100.00000E-003,546.78400E-006,25.76301E+000,564.99900E-003,17.33690E-006,25.76301E+000
1,1,230,100.00000E-003,544.57300E-006,25.89312E+000,559.99900E-003,16.88670E-006,25.89312E+000
1,1,231,100.00000E-003,542.44100E-006,25.99663E+000,555.00000E-003,16.41560E-006,25.99663E+000
1,1,232,100.00000E-003,540.19100E-006,26.10018E+000,549.99900E-003,15.96900E-006,26.10018E+000
1,1,233,100.00000E-003,537.94200E-006,26.20372E+000,544.99900E-003,15.52320E-006,26.20372E+000
1,1,234,99.99990E-003,535.97800E-006,26.30730E+000,540.00000E-003,15.09250E-006,26.30730E+000
1,1,235,100.00000E-003,533.61900E-006,26.41130E+000,534.99900E-003,14.67180E-006,26.41130E+000
1,1,236,99.99990E-003,531.64900E-006,26.51487E+000,529.99900E-003,14.25860E-006,26.51487E+000
1,1,237,100.00000E-003,529.71200E-006,26.61844E+000,525.00000E-003,13.85410E-006,26.61844E+000
1,1,238,100.00000E-003,527.76400E-006,26.72200E+000,520.00000E-003,13.45770E-006,26.72200E+000
1,1,239,100.00000E-003,525.99000E-006,26.85258E+000,515.00000E-003,13.12110E-006,26.85258E+000
1,1,240,100.00000E-003,524.14800E-006,26.95616E+000,510.00000E-003,12.70250E-006,26.95616E+000
1,1,241,100.00000E-003,522.54000E-006,27.05971E+000,505.00000E-003,12.31840E-006,27.05971E+000
1,1,242,100.00000E-003,520.89300E-006,27.16399E+000,500.00000E-003,11.94780E-006,27.16399E+000
1,1,243,100.00000E-003,518.87900E-006,27.26754E+000,495.00000E-003,11.59080E-006,27.26754E+000
1,1,244,100.00000E-003,516.72300E-006,27.39553E+000,489.99900E-003,11.25320E-006,27.39553E+000
1,1,245,100.00000E-003,514.80200E-006,27.49909E+000,485.00000E-003,10.89740E-006,27.49909E+000
1,1,246,99.99990E-003,512.77900E-006,27.60266E+000,480.00000E-003,10.55470E-006,27.60266E+000
1,1,247,100.00000E-003,511.15900E-006,27.70622E+000,474.99900E-003,10.22250E-006,27.70622E+000
1,1,248,100.00000E-003,509.20700E-006,27.80984E+000,469.99900E-003,9.89470E-006,27.80984E+000
1,1,249,100.00000E-003,507.59300E-006,27.91340E+000,464.99900E-003,9.57690E-006,27.91340E+000
1,1,250,100.00000E-003,505.70700E-006,28.01695E+000,459.99900E-003,9.26510E-006,28.01695E+000
1,1,251,100.00000E-003,503.64000E-006,28.12051E+000,454.99900E-003,8.95910E-006,28.12051E+000
1,1,252,100.00000E-003,501.81200E-006,28.22680E+000,449.99900E-003,8.66626E-006,28.22680E+000
1,1,253,100.00000E-003,499.84700E-006,28.36164E+000,444.99900E-003,8.43510E-006,28.36164E+000
1,1,254,100.00000E-003,498.43200E-006,28.46561E+000,439.99900E-003,8.10462E-006,28.46561E+000
1,1,255,100.00000E-003,496.83800E-006,28.56918E+000,434.99900E-003,7.81313E-006,28.56918E+000
1,1,256,100.00000E-003,494.63000E-006,28.67272E+000,429.99900E-003,7.53456E-006,28.67272E+000
1,1,257,100.00000E-003,492.63200E-006,28.77658E+000,424.99900E-003,7.26464E-006,28.77658E+000
1,1,258,100.00000E-003,490.64300E-006,28.89942E+000,419.99900E-003,7.01775E-006,28.89942E+000
1,1,259,100.00000E-003,488.67800E-006,29.00298E+000,414.99900E-003,6.75227E-006,29.00298E+000
1,1,260,100.00000E-003,486.85500E-006,29.10997E+000,409.99900E-003,6.51372E-006,29.10997E+000
1,1,261,100.00000E-003,484.82200E-006,29.21370E+000,404.99900E-003,6.24523E-006,29.21370E+000
1,1,262,100.00000E-003,483.07400E-006,29.31724E+000,399.99900E-003,5.99744E-006,29.31724E+000
1,1,263,100.00000E-003,481.20000E-006,29.42083E+000,394.99900E-003,5.80373E-006,29.42083E+000
1,1,264,100.00000E-003,479.63200E-006,29.52439E+000,389.99900E-003,5.54863E-006,29.52439E+000
1,1,265,100.00000E-003,477.67000E-006,29.62794E+000,384.99900E-003,5.29800E-006,29.62794E+000
1,1,266,100.00000E-003,475.90900E-006,29.73149E+000,379.99900E-003,5.07488E-006,29.73149E+000
1,1,267,100.00000E-003,473.94600E-006,29.87900E+000,375.00000E-003,4.94182E-006,29.87900E+000
1,1,268,100.00000E-003,472.17600E-006,29.98257E+000,369.99900E-003,4.67875E-006,29.98257E+000
1,1,269,100.00000E-003,470.53300E-006,30.08613E+000,364.99900E-003,4.45937E-006,30.08613E+000
1,1,270,100.00000E-003,468.64400E-006,30.18968E+000,359.99900E-003,4.28229E-006,30.18968E+000
1,1,271,99.99990E-003,466.80300E-006,30.29325E+000,354.99900E-003,4.04861E-006,30.29325E+000
1,1,272,100.00000E-003,465.14400E-006,30.40349E+000,349.99900E-003,3.85739E-006,30.40349E+000
1,1,273,100.00000E-003,463.77000E-006,30.50703E+000,344.99900E-003,3.66943E-006,30.50703E+000
1,1,274,100.00000E-003,462.11700E-006,30.61059E+000,339.99900E-003,3.47571E-006,30.61059E+000
1,1,275,100.00000E-003,460.57300E-006,30.71902E+000,335.00100E-003,3.31335E-006,30.71902E+000
1,1,276,100.00000E-003,458.82700E-006,30.82596E+000,330.00100E-003,3.13679E-006,30.82596E+000
1,1,277,100.00000E-003,457.28100E-006,30.93289E+000,325.00100E-003,2.96557E-006,30.93289E+000
1,1,278,100.00000E-003,455.73700E-006,31.03974E+000,320.00000E-003,2.79695E-006,31.03974E+000
1,1,279,100.00000E-003,454.47100E-006,31.14661E+000,315.00100E-003,2.63617E-006,31.14661E+000
1,1,280,100.00000E-003,453.03100E-006,31.25354E+000,310.00100E-003,2.47923E-006,31.25354E+000
1,1,281,100.00000E-003,451.78600E-006,31.37428E+000,305.00100E-003,2.35710E-006,31.37428E+000
1,1,282,100.00000E-003,450.52700E-006,31.48218E+000,300.00000E-003,2.19064E-006,31.48218E+000
1,1,283,100.00000E-003,449.69200E-006,31.58905E+000,295.00000E-003,2.04338E-006,31.58905E+000
1,1,284,100.00000E-003,448.81500E-006,31.69596E+000,290.00000E-003,1.89912E-006,31.69596E+000
1,1,285,100.00000E-003,447.96300E-006,31.80280E+000,285.00000E-003,1.76319E-006,31.80280E+000
1,1,286,100.00000E-003,447.50100E-006,31.91200E+000,280.00000E-003,1.62777E-006,31.91200E+000
1,1,287,100.00000E-003,447.08400E-006,32.01888E+000,275.00000E-003,1.50003E-006,32.01888E+000
1,1,288,100.00000E-003,447.36100E-006,32.12583E+000,270.00000E-003,1.37666E-006,32.12583E+000
1,1,289,100.00000E-003,447.32100E-006,32.23590E+000,265.00000E-003,1.26641E-006,32.23590E+000
1,1,290,99.99990E-003,447.37100E-006,32.37692E+000,260.00000E-003,1.21663E-006,32.37692E+000
1,1,291,100.00000E-003,447.81700E-006,32.48380E+000,255.00000E-003,1.06389E-006,32.48380E+000
1,1,292,100.00000E-003,448.34800E-006,32.59062E+000,250.00000E-003,948.74000E-009,32.59062E+000
1,1,293,100.00000E-003,449.11000E-006,32.75177E+000,244.99700E-003,930.75000E-009,32.75177E+000
1,1,294,100.00000E-003,450.26400E-006,32.93300E+000,239.99700E-003,882.40000E-009,32.93300E+000
1,1,295,100.00000E-003,451.38800E-006,33.04127E+000,235.00000E-003,726.99000E-009,33.04127E+000
1,1,296,100.00000E-003,452.99300E-006,33.15060E+000,229.99400E-003,631.30600E-009,33.15060E+000
1,1,297,100.00000E-003,454.51100E-006,33.25998E+000,224.98900E-003,530.20000E-009,33.25998E+000
1,1,298,100.00000E-003,456.36000E-006,33.37862E+000,219.99200E-003,462.45900E-009,33.37862E+000
1,1,299,100.00000E-003,458.38700E-006,33.60750E+000,214.99800E-003,522.57000E-009,33.60750E+000
1,1,300,100.00000E-003,460.72300E-006,33.86603E+000,210.00000E-003,512.34000E-009,33.86603E+000
1,1,301,100.00000E-003,462.84200E-006,34.04378E+000,204.98180E-003,526.07900E-009,34.04378E+000
1,1,302,100.00000E-003,465.09800E-006,34.22074E+000,199.97860E-003,375.54600E-009,34.22074E+000
1,1,303,100.00000E-003,467.80800E-006,34.41901E+000,194.97760E-003,342.29400E-009,34.41901E+000
1,1,304,100.00000E-003,470.35200E-006,34.64759E+000,189.99920E-003,270.84000E-009,34.64759E+000
1,1,305,100.00000E-003,472.94600E-006,34.87681E+000,184.99880E-003,241.32000E-009,34.87681E+000
1,1,306,100.00000E-003,475.74200E-006,35.10539E+000,180.00000E-003,202.22000E-009,35.10539E+000
1,1,307,100.00000E-003,478.60000E-006,35.22504E+000,174.86190E-003,31.53940E-009,35.22504E+000
1,1,308,99.99990E-003,481.40100E-006,35.36537E+000,169.96020E-003,-39.71170E-009,35.36537E+000
1,1,309,100.00000E-003,484.62600E-006,35.59406E+000,164.99970E-003,22.69000E-009,35.59406E+000
1,1,310,100.00000E-003,487.80700E-006,35.77098E+000,160.01120E-003,32.89500E-009,35.77098E+000
1,1,311,100.00000E-003,490.76100E-006,36.00974E+000,155.00030E-003,-29.22000E-009,36.00974E+000
1,1,312,100.00000E-003,494.01300E-006,36.18705E+000,150.01630E-003,-27.03400E-009,36.18705E+000
1,1,313,100.00000E-003,496.91700E-006,36.38544E+000,144.99100E-003,-145.02700E-009,36.38544E+000
1,1,314,99.99990E-003,500.06700E-006,36.56459E+000,140.01360E-003,-152.34900E-009,36.56459E+000
1,1,315,100.00000E-003,503.43500E-006,36.74469E+000,135.00600E-003,-217.61500E-009,36.74469E+000
1,1,316,100.00000E-003,506.64400E-006,36.95674E+000,130.00880E-003,-151.00400E-009,36.95674E+000
1,1,317,100.00000E-003,510.00100E-006,37.13787E+000,125.00530E-003,-314.44000E-009,37.13787E+000
1,1,318,100.00000E-003,513.34900E-006,37.24724E+000,120.00180E-003,-386.34000E-009,37.24724E+000
1,1,319,100.00000E-003,516.99800E-006,37.51428E+000,115.00000E-003,-280.19000E-009,37.51428E+000
1,1,320,100.00000E-003,520.47500E-006,37.74614E+000,110.00010E-003,-294.70000E-009,37.74614E+000
1,1,321,100.00000E-003,523.97700E-006,38.01379E+000,105.00000E-003,-283.83000E-009,38.01379E+000
1,1,322,100.00000E-003,527.30600E-006,38.24246E+000,100.00030E-003,-303.29000E-009,38.24246E+000
1,1,323,100.00000E-003,530.62200E-006,38.39041E+000,94.99840E-003,-385.70800E-009,38.39041E+000
1,1,324,100.00000E-003,534.09100E-006,38.49981E+000,90.00500E-003,-511.41800E-009,38.49981E+000
1,1,325,100.00000E-003,537.43800E-006,38.60923E+000,85.00010E-003,-585.50100E-009,38.60923E+000
1,1,326,100.00000E-003,540.73700E-006,38.71863E+000,80.00780E-003,-636.02700E-009,38.71863E+000
1,1,327,100.00000E-003,543.79800E-006,38.88979E+000,75.00210E-003,-539.79000E-009,38.88979E+000
1,1,328,100.00000E-003,547.02600E-006,39.05084E+000,70.00230E-003,-562.21000E-009,39.05084E+000
1,1,329,100.00000E-003,550.72700E-006,39.21186E+000,65.00110E-003,-572.08000E-009,39.21186E+000
1,1,330,100.00000E-003,554.15100E-006,39.31942E+000,59.99900E-003,-698.36000E-009,39.31942E+000
1,1,331,100.00000E-003,557.65700E-006,39.43473E+000,54.99930E-003,-751.09000E-009,39.43473E+000
1,1,332,100.00000E-003,561.28600E-006,39.59586E+000,50.00180E-003,-683.93000E-009,39.59586E+000
1,1,333,100.00000E-003,564.58100E-006,39.70425E+000,44.99930E-003,-794.86000E-009,39.70425E+000
1,1,334,100.00000E-003,568.15800E-006,39.81107E+000,39.99920E-003,-853.17000E-009,39.81107E+000
1,1,335,99.99990E-003,571.54800E-006,39.93618E+000,34.99910E-003,-880.78000E-009,39.93618E+000
1,1,336,100.00000E-003,575.51700E-006,40.04316E+000,29.99930E-003,-926.22000E-009,40.04316E+000
1,1,337,99.99990E-003,579.19300E-006,40.15217E+000,24.99900E-003,-962.54000E-009,40.15217E+000
1,1,338,100.00000E-003,582.61500E-006,40.25937E+000,19.99910E-003,-999.98000E-009,40.25937E+000
1,1,339,100.00000E-003,586.14800E-006,40.39814E+000,14.99950E-003,-952.53000E-009,40.39814E+000
1,1,340,100.00000E-003,589.42200E-006,40.50606E+000,9.99940E-003,-1.03148E-006,40.50606E+000
1,1,341,100.00000E-003,592.87000E-006,40.61291E+000,4.99920E-003,-1.07997E-006,40.61291E+000
1,1,342,100.00000E-003,596.74500E-006,40.72014E+000,-800.00000E-009,-1.11760E-006,40.72014E+000
1,1,343,100.00000E-003,600.69900E-006,40.82736E+000,-5.00100E-003,-1.15275E-006,40.82736E+000
1,1,344,100.00000E-003,604.62100E-006,40.93909E+000,-10.00080E-003,-1.18225E-006,40.93909E+000
1,1,345,100.00000E-003,608.33300E-006,41.04594E+000,-15.00100E-003,-1.21886E-006,41.04594E+000
1,1,346,100.00000E-003,612.14200E-006,41.15339E+000,-20.00090E-003,-1.25306E-006,41.15339E+000
1,1,347,100.00000E-003,615.93700E-006,41.26077E+000,-25.00100E-003,-1.28701E-006,41.26077E+000
1,1,348,99.99990E-003,619.32300E-006,41.40080E+000,-30.00060E-003,-1.23654E-006,41.40080E+000
1,1,349,100.00000E-003,623.23000E-006,41.50766E+000,-35.00080E-003,-1.38023E-006,41.50766E+000
1,1,350,100.00000E-003,626.51600E-006,41.61464E+000,-40.00080E-003,-1.65243E-006,41.61464E+000
1,1,351,100.00000E-003,629.99000E-006,41.72152E+000,-45.00090E-003,-2.17387E-006,41.72152E+000
1,1,352,100.00000E-003,633.05200E-006,41.82864E+000,-50.00080E-003,-2.95779E-006,41.82864E+000
1,1,353,100.00000E-003,636.90900E-006,41.94394E+000,-55.00140E-003,-3.83593E-006,41.94394E+000
1,1,354,100.00000E-003,640.29000E-006,42.05143E+000,-60.00060E-003,-4.65519E-006,42.05143E+000
1,1,355,100.00000E-003,643.80400E-006,42.15833E+000,-65.00230E-003,-5.35777E-006,42.15833E+000
1,1,356,100.00000E-003,647.44000E-006,42.26761E+000,-70.00090E-003,-5.69699E-006,42.26761E+000
1,1,357,100.00000E-003,651.31300E-006,42.40706E+000,-75.00190E-003,-5.15978E-006,42.40706E+000
1,1,358,100.00000E-003,655.29500E-006,42.51394E+000,-80.00460E-003,-4.00701E-006,42.51394E+000
1,1,359,100.00000E-003,658.97900E-006,42.62077E+000,-85.00260E-003,-3.01074E-006,42.62077E+000
1,1,360,100.00000E-003,662.74900E-006,42.72765E+000,-90.00170E-003,-2.67615E-006,42.72765E+000
1,1,361,100.00010E-003,666.14100E-006,42.83454E+000,-95.00150E-003,-2.55337E-006,42.83454E+000
1,1,362,100.00000E-003,669.57100E-006,42.94592E+000,-100.00150E-003,-2.48196E-006,42.94592E+000
1,1,363,100.00000E-003,673.02600E-006,43.05283E+000,-105.00160E-003,-2.48971E-006,43.05283E+000
1,1,364,100.00000E-003,676.46700E-006,43.15968E+000,-110.00150E-003,-2.53202E-006,43.15968E+000
1,1,365,100.00000E-003,679.91700E-006,43.26652E+000,-115.00170E-003,-2.51746E-006,43.26652E+000
1,1,366,100.00000E-003,683.55300E-006,43.40677E+000,-120.00120E-003,-2.45622E-006,43.40677E+000
1,1,367,100.00000E-003,687.29300E-006,43.51362E+000,-125.00150E-003,-2.51266E-006,43.51362E+000
1,1,368,100.00000E-003,690.81800E-006,43.62051E+000,-130.00170E-003,-2.62349E-006,43.62051E+000
1,1,369,100.00000E-003,693.60600E-006,43.72738E+000,-135.00170E-003,-2.66451E-006,43.72738E+000
1,1,370,100.00000E-003,697.30600E-006,43.83468E+000,-140.00170E-003,-2.67334E-006,43.83468E+000
1,1,371,100.00000E-003,700.87600E-006,43.94783E+000,-145.00160E-003,-2.80724E-006,43.94783E+000
1,1,372,99.99990E-003,703.95200E-006,44.05483E+000,-150.00180E-003,-2.80136E-006,44.05483E+000
1,1,373,99.99990E-003,707.08200E-006,44.16172E+000,-155.00110E-003,-3.05320E-006,44.16172E+000
1,1,374,100.00000E-003,710.45200E-006,44.26857E+000,-160.00190E-003,-2.91386E-006,44.26857E+000
1,1,375,100.00000E-003,713.62700E-006,44.41292E+000,-165.00070E-003,-2.60073E-006,44.41292E+000
1,1,376,99.99990E-003,717.28700E-006,44.51981E+000,-170.00190E-003,-2.75064E-006,44.51981E+000
1,1,377,100.00000E-003,720.72100E-006,44.62676E+000,-175.00180E-003,-2.72691E-006,44.62676E+000
1,1,378,100.00000E-003,724.03500E-006,44.73360E+000,-180.00150E-003,-2.72981E-006,44.73360E+000
1,1,379,100.00000E-003,727.23800E-006,44.84049E+000,-185.00220E-003,-2.91519E-006,44.84049E+000
1,1,380,100.00000E-003,730.55700E-006,44.95328E+000,-190.00170E-003,-2.86725E-006,44.95328E+000
1,1,381,100.00000E-003,733.45600E-006,45.06015E+000,-195.00160E-003,-2.90705E-006,45.06015E+000
1,1,382,100.00000E-003,736.59200E-006,45.16901E+000,-200.00120E-003,-3.02963E-006,45.16901E+000
1,1,383,100.00000E-003,740.27300E-006,45.27768E+000,-205.00140E-003,-3.14116E-006,45.27768E+000
1,1,384,100.00000E-003,744.66900E-006,45.41284E+000,-210.00140E-003,-2.94033E-006,45.41284E+000
1,1,385,100.00000E-003,748.41900E-006,45.51973E+000,-215.00300E-003,-3.18671E-006,45.51973E+000
1,1,386,100.00000E-003,751.78800E-006,45.62660E+000,-220.00300E-003,-3.08792E-006,45.62660E+000
1,1,387,100.00000E-003,754.98900E-006,45.73503E+000,-225.00200E-003,-3.09930E-006,45.73503E+000
1,1,388,100.00000E-003,758.27500E-006,45.84188E+000,-230.00300E-003,-3.13542E-006,45.84188E+000
1,1,389,100.00000E-003,761.42900E-006,45.95379E+000,-235.00200E-003,-3.21980E-006,45.95379E+000
1,1,390,100.00000E-003,764.69400E-006,46.06132E+000,-240.00200E-003,-3.26631E-006,46.06132E+000
1,1,391,100.00000E-003,768.12100E-006,46.17136E+000,-245.00100E-003,-3.43249E-006,46.17136E+000
1,1,392,100.00000E-003,771.51100E-006,46.27873E+000,-250.00300E-003,-3.36180E-006,46.27873E+000
1,1,393,100.00000E-003,774.68000E-006,46.41578E+000,-255.00200E-003,-3.12849E-006,46.41578E+000
1,1,394,100.00000E-003,777.88800E-006,46.52267E+000,-260.00200E-003,-3.28474E-006,46.52267E+000
1,1,395,100.00000E-003,780.99100E-006,46.62964E+000,-265.00200E-003,-3.32841E-006,46.62964E+000
1,1,396,100.00000E-003,784.08800E-006,46.73651E+000,-270.00300E-003,-3.38840E-006,46.73651E+000
1,1,397,100.00000E-003,787.05900E-006,46.84333E+000,-275.00300E-003,-3.38987E-006,46.84333E+000
1,1,398,100.00000E-003,789.76100E-006,46.95947E+000,-280.00300E-003,-3.55740E-006,46.95947E+000
1,1,399,100.00000E-003,792.65800E-006,47.06638E+000,-285.00200E-003,-3.49226E-006,47.06638E+000
1,1,400,99.99990E-003,795.38900E-006,47.17328E+000,-290.00300E-003,-3.48106E-006,47.17328E+000
1,1,401,100.00000E-003,798.34300E-006,47.28014E+000,-295.00300E-003,-3.52727E-006,47.28014E+000
